id,name,category,description,botanicalName,extractionMethod,chemicalFormula,casNumber,hazardClass,supplier,certifications,storageConditions,isDeleted,createdAt,updatedAt
481f817d-cfc8-40e1-8764-cce199d0569a,Citronella Java Essential Oil,ESSENTIAL_OIL,Premium therapeutic-grade essential oil for aromatherapy and formulations.,Cymbopogon nardus Oil,STEAM_DISTILLATION,,,NON_HAZARDOUS,Rehmat,"[""ORGANIC""]","Store in cool, dry place away from direct sunlight",false,2025-12-09 19:00:14.388,2025-12-09 19:00:14.388
ad986227-bb4f-475a-b6f5-7fb5200d2267,Jasmine Essential Oil,ESSENTIAL_OIL,Premium therapeutic-grade essential oil for aromatherapy and formulations.,Jasminum sambac Oil,STEAM_DISTILLATION,,,NON_HAZARDOUS,Rehmat,"[""ORGANIC""]","Store in cool, dry place away from direct sunlight",false,2025-12-09 19:00:14.388,2025-12-09 19:00:14.388
77983eec-c04b-4fed-a58b-3c11f627a0eb,Peppermint Essential Oil,ESSENTIAL_OIL,Cooling and invigorating oil for skincare and scalp treatments with refreshing and stimulating effects.,Mentha piperita Oil,STEAM_DISTILLATION,,,NON_HAZARDOUS,Rehmat,"[""ORGANIC""]","Store in cool, dry place away from direct sunlight",false,2025-12-09 19:00:14.388,2025-12-09 19:00:14.388
8245a51f-754f-4971-9eb3-41a4427e7d08,Ajwain Essential Oil,ESSENTIAL_OIL,Premium therapeutic-grade essential oil for aromatherapy and formulations.,Trachyspermum ammi Oil,STEAM_DISTILLATION,,,NON_HAZARDOUS,Rehmat,"[""ORGANIC""]","Store in cool, dry place away from direct sunlight",false,2025-12-09 19:00:14.388,2025-12-09 19:00:14.388
5d1cded8-4636-45a6-8ed4-5470504a349c,Citronella Essential Oil,ESSENTIAL_OIL,Premium therapeutic-grade essential oil for aromatherapy and formulations.,Cymbopogon nardus Oil,STEAM_DISTILLATION,,,NON_HAZARDOUS,Rehmat,"[""ORGANIC""]","Store in cool, dry place away from direct sunlight",false,2025-12-09 19:00:14.388,2025-12-09 19:00:14.388
7ace617f-fbc4-4c36-a0c9-3f3d27d65930,South Juniper Berry Essential Oil,ESSENTIAL_OIL,Premium therapeutic-grade essential oil for aromatherapy and formulations.,Juniperus communis Oil,STEAM_DISTILLATION,,,NON_HAZARDOUS,Rehmat,"[""ORGANIC""]","Store in cool, dry place away from direct sunlight",false,2025-12-09 19:00:14.388,2025-12-09 19:00:14.388
21f64540-9a1e-459c-8ac5-c95438a53c97,Petitgrain Essential Oil,ESSENTIAL_OIL,Premium therapeutic-grade essential oil for aromatherapy and formulations.,Citrus aurantium ssp. amara Oil,STEAM_DISTILLATION,,,NON_HAZARDOUS,Rehmat,"[""ORGANIC""]","Store in cool, dry place away from direct sunlight",false,2025-12-09 19:00:14.388,2025-12-09 19:00:14.388
c3938c7c-9526-48c0-a399-7742245e4a72,Amyris Essential Oil,ESSENTIAL_OIL,Premium therapeutic-grade essential oil for aromatherapy and formulations.,Amyris balsamifera Oil,STEAM_DISTILLATION,,,NON_HAZARDOUS,Rehmat,"[""ORGANIC""]","Store in cool, dry place away from direct sunlight",false,2025-12-09 19:00:14.388,2025-12-09 19:00:14.388
eac5a5d6-6d07-448b-89bc-5596e6f4a073,Clary Sage Essential Oil,ESSENTIAL_OIL,Premium therapeutic-grade essential oil for aromatherapy and formulations.,Salvia sclarea Oil,STEAM_DISTILLATION,,,NON_HAZARDOUS,Rehmat,"[""ORGANIC""]","Store in cool, dry place away from direct sunlight",false,2025-12-09 19:00:14.388,2025-12-09 19:00:14.388
7f25119a-b476-4649-8da6-60baf72e479e,Sage Essential Oil,ESSENTIAL_OIL,Premium therapeutic-grade essential oil for aromatherapy and formulations.,Salvia officinalis Oil,STEAM_DISTILLATION,,,NON_HAZARDOUS,Rehmat,"[""ORGANIC""]","Store in cool, dry place away from direct sunlight",false,2025-12-09 19:00:14.388,2025-12-09 19:00:14.388
21982b1d-39ce-4209-8f8e-c841d5e6e3fd,Lavender Essential Oil,ESSENTIAL_OIL,Premium therapeutic-grade lavender oil for aromatherapy and formulations with calming and balancing properties.,Lavandula angustifolia Oil,STEAM_DISTILLATION,,,NON_HAZARDOUS,Rehmat,"[""ORGANIC""]","Store in cool, dry place away from direct sunlight",false,2025-12-09 19:00:14.388,2025-12-09 19:00:14.388
a17baebc-f697-4867-88c9-41a3603d48a5,Aniseed Essential Oil,ESSENTIAL_OIL,Premium therapeutic-grade essential oil for aromatherapy and formulations.,Pimpinella anisum Oil,STEAM_DISTILLATION,,,NON_HAZARDOUS,Rehmat,"[""ORGANIC""]","Store in cool, dry place away from direct sunlight",false,2025-12-09 19:00:14.388,2025-12-09 19:00:14.388
cd32cc30-a1c6-47ec-ad5b-3edb38248dff,Clove Essential Oil,ESSENTIAL_OIL,Premium therapeutic-grade essential oil for aromatherapy and formulations.,Syzygium aromaticum Oil,STEAM_DISTILLATION,,,NON_HAZARDOUS,Rehmat,"[""ORGANIC""]","Store in cool, dry place away from direct sunlight",false,2025-12-09 19:00:14.388,2025-12-09 19:00:14.388
302fce15-5ba3-4946-8d8e-633ebeb996dc,Lemon Essential Oil,ESSENTIAL_OIL,Bright citrus essential oil with uplifting aroma and natural cleansing properties.,Citrus limon Oil,STEAM_DISTILLATION,,,NON_HAZARDOUS,Rehmat,"[""ORGANIC""]","Store in cool, dry place away from direct sunlight",false,2025-12-09 19:00:14.388,2025-12-09 19:00:14.388
7861210b-1ad0-4c44-8644-741332d27fa7,Rose Essential Oil,ESSENTIAL_OIL,Precious floral oil for luxury skincare formulations with premium fragrance and skin benefits.,Rosa damascena Oil,STEAM_DISTILLATION,,,NON_HAZARDOUS,Rehmat,"[""ORGANIC""]","Store in cool, dry place away from direct sunlight",false,2025-12-09 19:00:14.388,2025-12-09 19:00:14.388
99d5ff69-b82b-4806-87a9-525fa5107768,Bay Leaf Essential Oil,ESSENTIAL_OIL,Premium therapeutic-grade essential oil for aromatherapy and formulations.,Pimenta racemosa Oil,STEAM_DISTILLATION,,,NON_HAZARDOUS,Rehmat,"[""ORGANIC""]","Store in cool, dry place away from direct sunlight",false,2025-12-09 19:00:14.388,2025-12-09 19:00:14.388
78e6f424-e5b3-473f-a65d-e50b7b53e292,Coriander Essential Oil,ESSENTIAL_OIL,Premium therapeutic-grade essential oil for aromatherapy and formulations.,Coriandrum sativum Oil,STEAM_DISTILLATION,,,NON_HAZARDOUS,Rehmat,"[""ORGANIC""]","Store in cool, dry place away from direct sunlight",false,2025-12-09 19:00:14.388,2025-12-09 19:00:14.388
a3fdcee0-c74e-42db-9964-b8e01a8978cf,Lemongrass Essential Oil,ESSENTIAL_OIL,Bright citrus essential oil with uplifting aroma and natural cleansing properties.,Cymbopogon citratus Oil,STEAM_DISTILLATION,,,NON_HAZARDOUS,Rehmat,"[""ORGANIC""]","Store in cool, dry place away from direct sunlight",false,2025-12-09 19:00:14.388,2025-12-09 19:00:14.388
87b4aded-4682-43cd-8ba7-2eef6337d66c,Rosemary Essential Oil,ESSENTIAL_OIL,Precious floral oil for luxury skincare formulations with premium fragrance and skin benefits.,Rosmarinus officinalis Oil,STEAM_DISTILLATION,,,NON_HAZARDOUS,Rehmat,"[""ORGANIC""]","Store in cool, dry place away from direct sunlight",false,2025-12-09 19:00:14.388,2025-12-09 19:00:14.388
a8d9ca5d-f5ae-4b02-8553-dd65c1b38ea6,Bergamot Essential Oil,ESSENTIAL_OIL,Bright citrus essential oil with uplifting aroma and natural cleansing properties.,Citrus bergamia Oil,STEAM_DISTILLATION,,,NON_HAZARDOUS,Rehmat,"[""ORGANIC""]","Store in cool, dry place away from direct sunlight",false,2025-12-09 19:00:14.388,2025-12-09 19:00:14.388
a0a0b107-b896-46c9-8e99-e8836c56e1e7,Corn Mint Essential Oil,ESSENTIAL_OIL,Premium therapeutic-grade essential oil for aromatherapy and formulations.,Mentha arvensis Oil,STEAM_DISTILLATION,,,NON_HAZARDOUS,Rehmat,"[""ORGANIC""]","Store in cool, dry place away from direct sunlight",false,2025-12-09 19:00:14.388,2025-12-09 19:00:14.388
99b378cb-3b78-43e3-828f-7ff1f2cea5ef,Lime Essential Oil,ESSENTIAL_OIL,Premium therapeutic-grade essential oil for aromatherapy and formulations.,Citrus aurantifolia Oil,STEAM_DISTILLATION,,,NON_HAZARDOUS,Rehmat,"[""ORGANIC""]","Store in cool, dry place away from direct sunlight",false,2025-12-09 19:00:14.388,2025-12-09 19:00:14.388
3d8340b1-7e55-45ba-9af7-c9a4eda0b486,Black Pepper Essential Oil,ESSENTIAL_OIL,Premium therapeutic-grade essential oil for aromatherapy and formulations.,Piper nigrum Oil,STEAM_DISTILLATION,,,NON_HAZARDOUS,Rehmat,"[""ORGANIC""]","Store in cool, dry place away from direct sunlight",false,2025-12-09 19:00:14.388,2025-12-09 19:00:14.388
53872424-30cb-4169-9312-452c1d468ccf,Cumin Seed oil Essential Oil,ESSENTIAL_OIL,Premium therapeutic-grade essential oil for aromatherapy and formulations.,Cuminum cyminum Oil,STEAM_DISTILLATION,,,NON_HAZARDOUS,Rehmat,"[""ORGANIC""]","Store in cool, dry place away from direct sunlight",false,2025-12-09 19:00:14.388,2025-12-09 19:00:14.388
be4ff975-9bb7-4f9c-a463-17402f046973,Mandarin Essential Oil,ESSENTIAL_OIL,Premium therapeutic-grade essential oil for aromatherapy and formulations.,Citrus reticulata Oil,STEAM_DISTILLATION,,,NON_HAZARDOUS,Rehmat,"[""ORGANIC""]","Store in cool, dry place away from direct sunlight",false,2025-12-09 19:00:14.388,2025-12-09 19:00:14.388
b9f24cef-ac50-4fea-bf0d-ba629aa99470,Cajeput Essential Oil,ESSENTIAL_OIL,Premium therapeutic-grade essential oil for aromatherapy and formulations.,Melaleuca cajuputi Oil,STEAM_DISTILLATION,,,NON_HAZARDOUS,Rehmat,"[""ORGANIC""]","Store in cool, dry place away from direct sunlight",false,2025-12-09 19:00:14.388,2025-12-09 19:00:14.388
3df1c637-eaf2-4418-97c4-1cc0d91e4eed,Cypress Essential Oil,ESSENTIAL_OIL,Premium therapeutic-grade essential oil for aromatherapy and formulations.,Cupressus sempervirens Oil,STEAM_DISTILLATION,,,NON_HAZARDOUS,Rehmat,"[""ORGANIC""]","Store in cool, dry place away from direct sunlight",false,2025-12-09 19:00:14.388,2025-12-09 19:00:14.388
57dd1670-fba9-46c5-9ada-b98f0502e771,Marigold Essential Oil,ESSENTIAL_OIL,Premium therapeutic-grade essential oil for aromatherapy and formulations.,Tagetes minuta Oil,STEAM_DISTILLATION,,,NON_HAZARDOUS,Rehmat,"[""ORGANIC""]","Store in cool, dry place away from direct sunlight",false,2025-12-09 19:00:14.388,2025-12-09 19:00:14.388
392115be-e31e-4ee6-b358-663193ad50f5,Spearmint Essential Oil,ESSENTIAL_OIL,Premium therapeutic-grade essential oil for aromatherapy and formulations.,Mentha spicata Oil,STEAM_DISTILLATION,,,NON_HAZARDOUS,Rehmat,"[""ORGANIC""]","Store in cool, dry place away from direct sunlight",false,2025-12-09 19:00:14.388,2025-12-09 19:00:14.388
a19ad980-4b49-4482-b776-288da1513f2c,Calamus Essential Oil,ESSENTIAL_OIL,Premium therapeutic-grade essential oil for aromatherapy and formulations.,Acorus calamus Oil,STEAM_DISTILLATION,,,NON_HAZARDOUS,Rehmat,"[""ORGANIC""]","Store in cool, dry place away from direct sunlight",false,2025-12-09 19:00:14.388,2025-12-09 19:00:14.388
90c9aa1e-a888-465f-89df-e65c26865b11,Dilseed Essential Oil,ESSENTIAL_OIL,Premium therapeutic-grade essential oil for aromatherapy and formulations.,Anethum graveolens Oil,STEAM_DISTILLATION,,,NON_HAZARDOUS,Rehmat,"[""ORGANIC""]","Store in cool, dry place away from direct sunlight",false,2025-12-09 19:00:14.388,2025-12-09 19:00:14.388
4c7214fe-28a9-4f59-9bcb-b4c6a22d4e5b,Marjoram Essential Oil,ESSENTIAL_OIL,Premium therapeutic-grade essential oil for aromatherapy and formulations.,Origanum majorana Oil,STEAM_DISTILLATION,,,NON_HAZARDOUS,Rehmat,"[""ORGANIC""]","Store in cool, dry place away from direct sunlight",false,2025-12-09 19:00:14.388,2025-12-09 19:00:14.388
a390ee12-957c-434f-937b-b421c5fc5ee2,Calendula Essential Oil,ESSENTIAL_OIL,Premium therapeutic-grade essential oil for aromatherapy and formulations.,Calendula officinalis Oil,STEAM_DISTILLATION,,,NON_HAZARDOUS,Rehmat,"[""ORGANIC""]","Store in cool, dry place away from direct sunlight",false,2025-12-09 19:00:14.388,2025-12-09 19:00:14.388
d4b18748-2ad9-420c-91af-298fab38d673,Eucalyptus Essential Oil,ESSENTIAL_OIL,Refreshing and clarifying essential oil with invigorating properties for respiratory and skin care.,Eucalyptus globulus Oil,STEAM_DISTILLATION,,,NON_HAZARDOUS,Rehmat,"[""ORGANIC""]","Store in cool, dry place away from direct sunlight",false,2025-12-09 19:00:14.388,2025-12-09 19:00:14.388
bb75f6cf-1a22-4fee-8509-4f14bf6f343b,Mentha Piperata Essential Oil,ESSENTIAL_OIL,Premium therapeutic-grade essential oil for aromatherapy and formulations.,Mentha piperita Oil,STEAM_DISTILLATION,,,NON_HAZARDOUS,Rehmat,"[""ORGANIC""]","Store in cool, dry place away from direct sunlight",false,2025-12-09 19:00:14.388,2025-12-09 19:00:14.388
d3e9c155-6739-4dc5-836c-b0fdd4a06e36,Camphor Essential Oil,ESSENTIAL_OIL,Premium therapeutic-grade essential oil for aromatherapy and formulations.,Cinnamomum camphora Oil,STEAM_DISTILLATION,,,NON_HAZARDOUS,Rehmat,"[""ORGANIC""]","Store in cool, dry place away from direct sunlight",false,2025-12-09 19:00:14.388,2025-12-09 19:00:14.388
2c230628-d04c-4091-a6a0-80bead36ecb0,Fennel Essential Oil,ESSENTIAL_OIL,Premium therapeutic-grade essential oil for aromatherapy and formulations.,Foeniculum vulgare Oil,STEAM_DISTILLATION,,,NON_HAZARDOUS,Rehmat,"[""ORGANIC""]","Store in cool, dry place away from direct sunlight",false,2025-12-09 19:00:14.388,2025-12-09 19:00:14.388
ab504619-165d-4baf-94d9-1aafcd26d4bc,Myrrh Essential Oil,ESSENTIAL_OIL,Premium therapeutic-grade essential oil for aromatherapy and formulations.,Commiphora myrrha Oil,STEAM_DISTILLATION,,,NON_HAZARDOUS,Rehmat,"[""ORGANIC""]","Store in cool, dry place away from direct sunlight",false,2025-12-09 19:00:14.388,2025-12-09 19:00:14.388
ce23d874-2fca-4bec-911e-f8f5650b14f9,Sweet Basil Essential Oil,ESSENTIAL_OIL,Premium therapeutic-grade essential oil for aromatherapy and formulations.,Ocimum basilicum Oil,STEAM_DISTILLATION,,,NON_HAZARDOUS,Rehmat,"[""ORGANIC""]","Store in cool, dry place away from direct sunlight",false,2025-12-09 19:00:14.388,2025-12-09 19:00:14.388
5e6c1e49-9ba0-4d2b-b3c6-af8d31821203,Capsicum Essential Oil,ESSENTIAL_OIL,Premium therapeutic-grade essential oil for aromatherapy and formulations.,Capsicum annuum Oil,STEAM_DISTILLATION,,,NON_HAZARDOUS,Rehmat,"[""ORGANIC""]","Store in cool, dry place away from direct sunlight",false,2025-12-09 19:00:14.388,2025-12-09 19:00:14.388
a4326f0a-4b36-4b48-b38f-e1155ac7c39e,Fenugreek Essential Oil,ESSENTIAL_OIL,Premium therapeutic-grade essential oil for aromatherapy and formulations.,Trigonella foenum-graecum Oil,STEAM_DISTILLATION,,,NON_HAZARDOUS,Rehmat,"[""ORGANIC""]","Store in cool, dry place away from direct sunlight",false,2025-12-09 19:00:14.388,2025-12-09 19:00:14.388
4ab3a62f-a3c6-4326-978e-41bbd5685dde,Myrtle Essential Oil,ESSENTIAL_OIL,Premium therapeutic-grade essential oil for aromatherapy and formulations.,Myrtus communis Oil,STEAM_DISTILLATION,,,NON_HAZARDOUS,Rehmat,"[""ORGANIC""]","Store in cool, dry place away from direct sunlight",false,2025-12-09 19:00:14.388,2025-12-09 19:00:14.388
4f83d8e5-c56e-4dd2-a06a-0cc5f147b1d8,Teatree Essential Oil,ESSENTIAL_OIL,Antimicrobial oil for acne and problem skin treatments with powerful cleansing properties.,Melaleuca alternifolia Oil,STEAM_DISTILLATION,,,NON_HAZARDOUS,Rehmat,"[""ORGANIC""]","Store in cool, dry place away from direct sunlight",false,2025-12-09 19:00:14.388,2025-12-09 19:00:14.388
5623e426-c0db-48fa-a3db-70042a2e9876,Caraway Essential Oil,ESSENTIAL_OIL,Premium therapeutic-grade essential oil for aromatherapy and formulations.,Carum carvi Oil,STEAM_DISTILLATION,,,NON_HAZARDOUS,Rehmat,"[""ORGANIC""]","Store in cool, dry place away from direct sunlight",false,2025-12-09 19:00:14.388,2025-12-09 19:00:14.388
74ed097c-3336-4a82-898a-39714f14b9fd,Frankincense Essential Oil,ESSENTIAL_OIL,Precious resin oil for premium anti-aging skincare with deeply nourishing properties.,Boswellia sacra Oil,STEAM_DISTILLATION,,,NON_HAZARDOUS,Rehmat,"[""ORGANIC""]","Store in cool, dry place away from direct sunlight",false,2025-12-09 19:00:14.388,2025-12-09 19:00:14.388
70d7572c-ace2-475b-9609-ead2bb357e54,Neroli Essential Oil,ESSENTIAL_OIL,Premium therapeutic-grade essential oil for aromatherapy and formulations.,Citrus aurantium Oil,STEAM_DISTILLATION,,,NON_HAZARDOUS,Rehmat,"[""ORGANIC""]","Store in cool, dry place away from direct sunlight",false,2025-12-09 19:00:14.388,2025-12-09 19:00:14.388
86bd33f8-2d5d-488c-a303-808d1d981cf3,Thyme Essential Oil,ESSENTIAL_OIL,Premium therapeutic-grade essential oil for aromatherapy and formulations.,Thymus vulgaris Oil,STEAM_DISTILLATION,,,NON_HAZARDOUS,Rehmat,"[""ORGANIC""]","Store in cool, dry place away from direct sunlight",false,2025-12-09 19:00:14.388,2025-12-09 19:00:14.388
5d97a86b-79bf-446c-99ad-2141d24446bf,Cardamom Essential Oil,ESSENTIAL_OIL,Premium therapeutic-grade essential oil for aromatherapy and formulations.,Elettaria cardamomum Oil,STEAM_DISTILLATION,,,NON_HAZARDOUS,Rehmat,"[""ORGANIC""]","Store in cool, dry place away from direct sunlight",false,2025-12-09 19:00:14.388,2025-12-09 19:00:14.388
1d229c63-f86e-4080-8bfc-331d90411a45,Garlic Essential Oil,ESSENTIAL_OIL,Premium therapeutic-grade essential oil for aromatherapy and formulations.,Allium sativum Oil,STEAM_DISTILLATION,,,NON_HAZARDOUS,Rehmat,"[""ORGANIC""]","Store in cool, dry place away from direct sunlight",false,2025-12-09 19:00:14.388,2025-12-09 19:00:14.388
6b61b24c-47f6-4a0b-9d08-eaf48628e1aa,Nutgrass Essential Oil,ESSENTIAL_OIL,Premium therapeutic-grade essential oil for aromatherapy and formulations.,Cyperus rotundus Oil,STEAM_DISTILLATION,,,NON_HAZARDOUS,Rehmat,"[""ORGANIC""]","Store in cool, dry place away from direct sunlight",false,2025-12-09 19:00:14.388,2025-12-09 19:00:14.388
6a70808d-f61d-4d47-a928-46b6f25e20ec,Turmeric Leaf Essential Oil,ESSENTIAL_OIL,Premium therapeutic-grade essential oil for aromatherapy and formulations.,Curcuma longa Leaf Oil,STEAM_DISTILLATION,,,NON_HAZARDOUS,Rehmat,"[""ORGANIC""]","Store in cool, dry place away from direct sunlight",false,2025-12-09 19:00:14.388,2025-12-09 19:00:14.388
70c9f110-7458-4eb9-b5a7-521a39b00b75,Cedarwood Essential Oil,ESSENTIAL_OIL,Premium therapeutic-grade essential oil for aromatherapy and formulations.,Cedrus atlantica Oil,STEAM_DISTILLATION,,,NON_HAZARDOUS,Rehmat,"[""ORGANIC""]","Store in cool, dry place away from direct sunlight",false,2025-12-09 19:00:14.388,2025-12-09 19:00:14.388
3455efcf-d6fa-4b4a-83f3-377d0ad6235f,Geranium Essential Oil,ESSENTIAL_OIL,Premium therapeutic-grade essential oil for aromatherapy and formulations.,Pelargonium graveolens Oil,STEAM_DISTILLATION,,,NON_HAZARDOUS,Rehmat,"[""ORGANIC""]","Store in cool, dry place away from direct sunlight",false,2025-12-09 19:00:14.388,2025-12-09 19:00:14.388
631802f8-eaf1-4266-aa51-d1b4662466ef,Nutmeg Essential Oil,ESSENTIAL_OIL,Premium therapeutic-grade essential oil for aromatherapy and formulations.,Myristica fragrans Oil,STEAM_DISTILLATION,,,NON_HAZARDOUS,Rehmat,"[""ORGANIC""]","Store in cool, dry place away from direct sunlight",false,2025-12-09 19:00:14.388,2025-12-09 19:00:14.388
3fdf20e7-0c88-42a5-87eb-5b0450b38594,Turmeric Root Essential Oil,ESSENTIAL_OIL,Premium therapeutic-grade essential oil for aromatherapy and formulations.,Curcuma longa Root Oil,STEAM_DISTILLATION,,,NON_HAZARDOUS,Rehmat,"[""ORGANIC""]","Store in cool, dry place away from direct sunlight",false,2025-12-09 19:00:14.388,2025-12-09 19:00:14.388
76ec6b9e-cc86-4a8b-8148-e501d4a34980,Celery Seed Essential Oil,ESSENTIAL_OIL,Premium therapeutic-grade essential oil for aromatherapy and formulations.,Apium graveolens Oil,STEAM_DISTILLATION,,,NON_HAZARDOUS,Rehmat,"[""ORGANIC""]","Store in cool, dry place away from direct sunlight",false,2025-12-09 19:00:14.388,2025-12-09 19:00:14.388
d11b423d-adba-4bd2-868c-bc520c13c66e,Ginger Essential Oil,ESSENTIAL_OIL,Warming essential oil with stimulating properties for circulation and muscle care.,Zingiber officinale Oil,STEAM_DISTILLATION,,,NON_HAZARDOUS,Rehmat,"[""ORGANIC""]","Store in cool, dry place away from direct sunlight",false,2025-12-09 19:00:14.388,2025-12-09 19:00:14.388
4ca3bf80-01d0-40e9-b5b0-c88aa987b252,Orange Essential Oil,ESSENTIAL_OIL,Bright citrus essential oil with uplifting aroma and natural cleansing properties.,Citrus sinensis Oil,STEAM_DISTILLATION,,,NON_HAZARDOUS,Rehmat,"[""ORGANIC""]","Store in cool, dry place away from direct sunlight",false,2025-12-09 19:00:14.388,2025-12-09 19:00:14.388
34059af6-2287-4c0e-a54b-a8e10557063d,Turpentine Essential Oil,ESSENTIAL_OIL,Premium therapeutic-grade essential oil for aromatherapy and formulations.,Pinus sylvestris Oil,STEAM_DISTILLATION,,,NON_HAZARDOUS,Rehmat,"[""ORGANIC""]","Store in cool, dry place away from direct sunlight",false,2025-12-09 19:00:14.388,2025-12-09 19:00:14.388
0b7a88cb-8437-4243-847f-9781a6a76b33,Chamomile Essential Oil,ESSENTIAL_OIL,Gentle calming essential oil ideal for sensitive skin and relaxation blends.,Chamaemelum nobile Oil,STEAM_DISTILLATION,,,NON_HAZARDOUS,Rehmat,"[""ORGANIC""]","Store in cool, dry place away from direct sunlight",false,2025-12-09 19:00:14.388,2025-12-09 19:00:14.388
f6764bad-b7e4-4964-9a54-d75b987f8138,Oregano Essential Oil,ESSENTIAL_OIL,Premium therapeutic-grade essential oil for aromatherapy and formulations.,Origanum vulgare Oil,STEAM_DISTILLATION,,,NON_HAZARDOUS,Rehmat,"[""ORGANIC""]","Store in cool, dry place away from direct sunlight",false,2025-12-09 19:00:14.388,2025-12-09 19:00:14.388
55c6de30-b0e4-46dc-9089-159a3e474d96,Vetiver Essential Oil,ESSENTIAL_OIL,Premium therapeutic-grade essential oil for aromatherapy and formulations.,Vetiveria zizanioides Oil,STEAM_DISTILLATION,,,NON_HAZARDOUS,Rehmat,"[""ORGANIC""]","Store in cool, dry place away from direct sunlight",false,2025-12-09 19:00:14.388,2025-12-09 19:00:14.388
37e2f0f2-cefe-4304-9d5f-ae81333eff08,Cinnamon Essential Oil,ESSENTIAL_OIL,Premium therapeutic-grade essential oil for aromatherapy and formulations.,Cinnamomum verum Oil,STEAM_DISTILLATION,,,NON_HAZARDOUS,Rehmat,"[""ORGANIC""]","Store in cool, dry place away from direct sunlight",false,2025-12-09 19:00:14.388,2025-12-09 19:00:14.388
729c8420-7a61-4830-9710-10c0f4c2d2f2,Grapefruit Essential Oil,ESSENTIAL_OIL,Premium therapeutic-grade essential oil for aromatherapy and formulations.,Citrus paradisi Oil,STEAM_DISTILLATION,,,NON_HAZARDOUS,Rehmat,"[""ORGANIC""]","Store in cool, dry place away from direct sunlight",false,2025-12-09 19:00:14.388,2025-12-09 19:00:14.388
87e8e8c9-350e-4123-b12d-fe8f38ba9b7e,Palmarosa Essential Oil,ESSENTIAL_OIL,Premium therapeutic-grade essential oil for aromatherapy and formulations.,Cymbopogon martinii Oil,STEAM_DISTILLATION,,,NON_HAZARDOUS,Rehmat,"[""ORGANIC""]","Store in cool, dry place away from direct sunlight",false,2025-12-09 19:00:14.388,2025-12-09 19:00:14.388
b0f71e29-0eaa-445a-8477-96528b9395e9,Ylang Ylang Essential Oil,ESSENTIAL_OIL,Premium therapeutic-grade essential oil for aromatherapy and formulations.,Cananga odorata Oil,STEAM_DISTILLATION,,,NON_HAZARDOUS,Rehmat,"[""ORGANIC""]","Store in cool, dry place away from direct sunlight",false,2025-12-09 19:00:14.388,2025-12-09 19:00:14.388
8ef30c39-29c9-4bcd-92d8-a6d6ef9576b3,Holy Basil Essential Oil,ESSENTIAL_OIL,Premium therapeutic-grade essential oil for aromatherapy and formulations.,Ocimum sanctum Oil,STEAM_DISTILLATION,,,NON_HAZARDOUS,Rehmat,"[""ORGANIC""]","Store in cool, dry place away from direct sunlight",false,2025-12-09 19:00:14.388,2025-12-09 19:00:14.388
2d540b39-6779-40bd-9bbe-f0230b088524,Patchouli Essential Oil,ESSENTIAL_OIL,Premium therapeutic-grade essential oil for aromatherapy and formulations.,Pogostemon cablin Oil,STEAM_DISTILLATION,,,NON_HAZARDOUS,Rehmat,"[""ORGANIC""]","Store in cool, dry place away from direct sunlight",false,2025-12-09 19:00:14.388,2025-12-09 19:00:14.388
b8d484a9-df90-4030-8bdf-7c0e8bfed1bf,Almond Oil,FIXED_OIL,Light nourishing carrier oil rich in vitamin E for gentle skincare formulations.,Prunus amygdalus Oil,COLD_PRESS,,,NON_HAZARDOUS,Rehmat,"[""ORGANIC""]","Store in cool, dry place away from direct sunlight",false,2025-12-09 19:00:14.388,2025-12-09 19:00:14.388
f9597b53-98c9-49c3-8c00-73685fc658d9,Grape Seed (Green) Oil,FIXED_OIL,Cold-pressed or solvent-extracted carrier oil for skincare and formulations.,Vitis vinifera Seed Oil,COLD_PRESS,,,NON_HAZARDOUS,Rehmat,"[""ORGANIC""]","Store in cool, dry place away from direct sunlight",false,2025-12-09 19:00:14.388,2025-12-09 19:00:14.388
f87f5389-e1ef-4936-ac39-3d0715869252,Green Tea Oil,FIXED_OIL,Cold-pressed or solvent-extracted carrier oil for skincare and formulations.,Camellia sinensis Seed Oil,COLD_PRESS,,,NON_HAZARDOUS,Rehmat,"[""ORGANIC""]","Store in cool, dry place away from direct sunlight",false,2025-12-09 19:00:14.388,2025-12-09 19:00:14.388
f4af74ee-4e18-4b06-9d23-664f3c413522,Soyabean Oil,FIXED_OIL,Cold-pressed or solvent-extracted carrier oil for skincare and formulations.,Glycine soja Oil,COLD_PRESS,,,NON_HAZARDOUS,Rehmat,"[""ORGANIC""]","Store in cool, dry place away from direct sunlight",false,2025-12-09 19:00:14.388,2025-12-09 19:00:14.388
fc6b2d3a-76b8-4776-9bff-f2f9406ae4b3,Aloevera Oil,FIXED_OIL,Cold-pressed or solvent-extracted carrier oil for skincare and formulations.,Aloe barbadensis Leaf Oil,COLD_PRESS,,,NON_HAZARDOUS,Rehmat,"[""ORGANIC""]","Store in cool, dry place away from direct sunlight",false,2025-12-09 19:00:14.388,2025-12-09 19:00:14.388
c1800ce6-9431-4a15-9f63-8edaff17133a,Grape Seed (Yellow) Oil,FIXED_OIL,Cold-pressed or solvent-extracted carrier oil for skincare and formulations.,Vitis vinifera Seed Oil,COLD_PRESS,,,NON_HAZARDOUS,Rehmat,"[""ORGANIC""]","Store in cool, dry place away from direct sunlight",false,2025-12-09 19:00:14.388,2025-12-09 19:00:14.388
d18d6060-891c-4495-a74b-6d83140d8172,Sunflower Oil,FIXED_OIL,Cold-pressed or solvent-extracted carrier oil for skincare and formulations.,Helianthus annuus Oil,COLD_PRESS,,,NON_HAZARDOUS,Rehmat,"[""ORGANIC""]","Store in cool, dry place away from direct sunlight",false,2025-12-09 19:00:14.388,2025-12-09 19:00:14.388
a3f4b5aa-2b25-443b-a8a8-e7c993cb667f,Amla Oil,FIXED_OIL,Cold-pressed or solvent-extracted carrier oil for skincare and formulations.,Phyllanthus emblica Oil,COLD_PRESS,,,NON_HAZARDOUS,Rehmat,"[""ORGANIC""]","Store in cool, dry place away from direct sunlight",false,2025-12-09 19:00:14.388,2025-12-09 19:00:14.388
ca7d60a5-37ab-4c61-9dd2-f27107931fc0,Sweet Almond Oil,FIXED_OIL,Light nourishing carrier oil rich in vitamin E for gentle skincare formulations.,Prunus amygdalus Dulcis Oil,COLD_PRESS,,,NON_HAZARDOUS,Rehmat,"[""ORGANIC""]","Store in cool, dry place away from direct sunlight",false,2025-12-09 19:00:14.388,2025-12-09 19:00:14.388
b93e8139-b61f-4b38-bf38-45bced333eaf,Bitter Almond Oil,FIXED_OIL,Light nourishing carrier oil rich in vitamin E for gentle skincare formulations.,Prunus amygdalus Amara Oil,COLD_PRESS,,,NON_HAZARDOUS,Rehmat,"[""ORGANIC""]","Store in cool, dry place away from direct sunlight",false,2025-12-09 19:00:14.388,2025-12-09 19:00:14.388
3c63b04d-26b7-4d8e-bea0-f1e9cb3dcec5,Apricot Oil,FIXED_OIL,Cold-pressed or solvent-extracted carrier oil for skincare and formulations.,Prunus armeniaca Oil,COLD_PRESS,,,NON_HAZARDOUS,Rehmat,"[""ORGANIC""]","Store in cool, dry place away from direct sunlight",false,2025-12-09 19:00:14.388,2025-12-09 19:00:14.388
ea790cb9-d605-4c8a-b800-056d477b9d9e,Jojoba Golden Oil,FIXED_OIL,Golden carrier oil that closely mimics skin sebum for superior absorption and compatibility.,Simmondsia chinensis Oil,COLD_PRESS,,,NON_HAZARDOUS,Rehmat,"[""ORGANIC""]","Store in cool, dry place away from direct sunlight",false,2025-12-09 19:00:14.388,2025-12-09 19:00:14.388
963a81c1-0a9d-4dec-8d61-095105a97515,Jojoba Colorless Oil,FIXED_OIL,Golden carrier oil that closely mimics skin sebum for superior absorption and compatibility.,Simmondsia chinensis Oil,COLD_PRESS,,,NON_HAZARDOUS,Rehmat,"[""ORGANIC""]","Store in cool, dry place away from direct sunlight",false,2025-12-09 19:00:14.388,2025-12-09 19:00:14.388
15d509df-5bc8-43a8-a3e5-e6e55536958b,Walnut Oil,FIXED_OIL,Cold-pressed or solvent-extracted carrier oil for skincare and formulations.,Juglans regia Oil,COLD_PRESS,,,NON_HAZARDOUS,Rehmat,"[""ORGANIC""]","Store in cool, dry place away from direct sunlight",false,2025-12-09 19:00:14.388,2025-12-09 19:00:14.388
aab68ca8-f5e0-4092-8082-79d260bda968,Arachis Oil,FIXED_OIL,Cold-pressed or solvent-extracted carrier oil for skincare and formulations.,Arachis hypogaea Oil,COLD_PRESS,,,NON_HAZARDOUS,Rehmat,"[""ORGANIC""]","Store in cool, dry place away from direct sunlight",false,2025-12-09 19:00:14.388,2025-12-09 19:00:14.388
60b012d8-3fec-4779-b51b-8bf2a99e72f8,Karanj Oil,FIXED_OIL,Cold-pressed or solvent-extracted carrier oil for skincare and formulations.,Pongamia pinnata Oil,COLD_PRESS,,,NON_HAZARDOUS,Rehmat,"[""ORGANIC""]","Store in cool, dry place away from direct sunlight",false,2025-12-09 19:00:14.388,2025-12-09 19:00:14.388
3c5e415f-f269-4bd2-8432-3a2e68b04f48,Wheat Germ Oil,FIXED_OIL,Cold-pressed or solvent-extracted carrier oil for skincare and formulations.,Triticum aestivum Germ Oil,COLD_PRESS,,,NON_HAZARDOUS,Rehmat,"[""ORGANIC""]","Store in cool, dry place away from direct sunlight",false,2025-12-09 19:00:14.388,2025-12-09 19:00:14.388
8be27b49-7198-4200-876d-13915c4f22f3,Argan (Normal) Oil,FIXED_OIL,Luxury oil rich in vitamins and antioxidants for premium skincare formulations.,Argania spinosa Oil,COLD_PRESS,,,NON_HAZARDOUS,Rehmat,"[""ORGANIC""]","Store in cool, dry place away from direct sunlight",false,2025-12-09 19:00:14.388,2025-12-09 19:00:14.388
9e507a1d-73ef-4d30-941a-8228b2f50838,Linseed (Flaxseed) (Alsi) Oil,FIXED_OIL,Cold-pressed or solvent-extracted carrier oil for skincare and formulations.,Linum usitatissimum Oil,COLD_PRESS,,,NON_HAZARDOUS,Rehmat,"[""ORGANIC""]","Store in cool, dry place away from direct sunlight",false,2025-12-09 19:00:14.388,2025-12-09 19:00:14.388
13de5051-0b0c-48fd-bc32-cb43b6cc6081,Argan (Moroccan) Oil,FIXED_OIL,Luxury oil rich in vitamins and antioxidants for premium skincare formulations.,Argania spinosa Oil,COLD_PRESS,,,NON_HAZARDOUS,Rehmat,"[""ORGANIC""]","Store in cool, dry place away from direct sunlight",false,2025-12-09 19:00:14.388,2025-12-09 19:00:14.388
d52cbb72-eece-4f2a-b439-723ecbd77b54,Macadamia Oil,FIXED_OIL,Cold-pressed or solvent-extracted carrier oil for skincare and formulations.,Macadamia ternifolia Oil,COLD_PRESS,,,NON_HAZARDOUS,Rehmat,"[""ORGANIC""]","Store in cool, dry place away from direct sunlight",false,2025-12-09 19:00:14.388,2025-12-09 19:00:14.388
2009a253-e928-42b1-8f93-776a277dbe8a,Avocado Oil,FIXED_OIL,Rich nutrient-dense carrier oil with deep moisturizing properties for dry skin care.,Persea gratissima Oil,COLD_PRESS,,,NON_HAZARDOUS,Rehmat,"[""ORGANIC""]","Store in cool, dry place away from direct sunlight",false,2025-12-09 19:00:14.388,2025-12-09 19:00:14.388
a26d9837-78f0-4099-a7c1-a13e6aff6077,Babassu Oil,FIXED_OIL,Cold-pressed or solvent-extracted carrier oil for skincare and formulations.,Orbignya oleifera Oil,COLD_PRESS,,,NON_HAZARDOUS,Rehmat,"[""ORGANIC""]","Store in cool, dry place away from direct sunlight",false,2025-12-09 19:00:14.388,2025-12-09 19:00:14.388
e749ad03-14ec-462b-b7a3-db5c12bb830c,Moringa Oil,FIXED_OIL,Cold-pressed or solvent-extracted carrier oil for skincare and formulations.,Moringa oleifera Oil,COLD_PRESS,,,NON_HAZARDOUS,Rehmat,"[""ORGANIC""]","Store in cool, dry place away from direct sunlight",false,2025-12-09 19:00:14.388,2025-12-09 19:00:14.388
cc29d111-729d-476c-9dd6-80931a4a800f,Black Seed oil Oil,FIXED_OIL,Cold-pressed or solvent-extracted carrier oil for skincare and formulations.,Nigella sativa Oil,COLD_PRESS,,,NON_HAZARDOUS,Rehmat,"[""ORGANIC""]","Store in cool, dry place away from direct sunlight",false,2025-12-09 19:00:14.388,2025-12-09 19:00:14.388
281c9b16-435a-46de-81b9-31c6d3a26c64,Mustard Oil,FIXED_OIL,Cold-pressed or solvent-extracted carrier oil for skincare and formulations.,Brassica juncea Oil,COLD_PRESS,,,NON_HAZARDOUS,Rehmat,"[""ORGANIC""]","Store in cool, dry place away from direct sunlight",false,2025-12-09 19:00:14.388,2025-12-09 19:00:14.388
d812961f-7bbd-4880-a520-ffc500f883c0,Blackcurrant Oil,FIXED_OIL,Cold-pressed or solvent-extracted carrier oil for skincare and formulations.,Ribes nigrum Seed Oil,COLD_PRESS,,,NON_HAZARDOUS,Rehmat,"[""ORGANIC""]","Store in cool, dry place away from direct sunlight",false,2025-12-09 19:00:14.388,2025-12-09 19:00:14.388
4a3aeeac-66dd-4792-993c-a79b8e4928a0,Neem (Solvent Extracted) Oil,FIXED_OIL,Traditional botanical oil with potent properties for targeted skin treatments.,Azadirachta indica Oil,COLD_PRESS,,,NON_HAZARDOUS,Rehmat,"[""ORGANIC""]","Store in cool, dry place away from direct sunlight",false,2025-12-09 19:00:14.388,2025-12-09 19:00:14.388
c0b8002d-795d-4cc4-a554-c614bbea5ea8,Neem (Pure) Oil,FIXED_OIL,Traditional botanical oil with potent properties for targeted skin treatments.,Azadirachta indica Oil,COLD_PRESS,,,NON_HAZARDOUS,Rehmat,"[""ORGANIC""]","Store in cool, dry place away from direct sunlight",false,2025-12-09 19:00:14.388,2025-12-09 19:00:14.388
c68d3ba6-b044-42da-b037-94b4d5928b09,Canola Oil,FIXED_OIL,Cold-pressed or solvent-extracted carrier oil for skincare and formulations.,Brassica napus Oil,COLD_PRESS,,,NON_HAZARDOUS,Rehmat,"[""ORGANIC""]","Store in cool, dry place away from direct sunlight",false,2025-12-09 19:00:14.388,2025-12-09 19:00:14.388
76427b30-56a9-4d3e-be5d-0fbce3ead355,Olive Oil,FIXED_OIL,Classic carrier oil rich in antioxidants for nourishing skincare applications.,Olea europaea Oil,COLD_PRESS,,,NON_HAZARDOUS,Rehmat,"[""ORGANIC""]","Store in cool, dry place away from direct sunlight",false,2025-12-09 19:00:14.388,2025-12-09 19:00:14.388
96f71881-2081-4945-9c4c-d8b1fa0c6bf6,Castor Oil,FIXED_OIL,Rich emollient carrier oil excellent for hair care and skin conditioning.,Ricinus communis Oil,COLD_PRESS,,,NON_HAZARDOUS,Rehmat,"[""ORGANIC""]","Store in cool, dry place away from direct sunlight",false,2025-12-09 19:00:14.388,2025-12-09 19:00:14.388
5c7e1a8c-5bce-44e6-93ba-26382f0f6ca0,Onion Seed oil Oil,FIXED_OIL,Cold-pressed or solvent-extracted carrier oil for skincare and formulations.,Allium cepa Seed Oil,COLD_PRESS,,,NON_HAZARDOUS,Rehmat,"[""ORGANIC""]","Store in cool, dry place away from direct sunlight",false,2025-12-09 19:00:14.388,2025-12-09 19:00:14.388
f553eb5a-bc55-4c12-aa9e-e990985a016a,Onion oil Oil,FIXED_OIL,Cold-pressed or solvent-extracted carrier oil for skincare and formulations.,Allium cepa Oil,COLD_PRESS,,,NON_HAZARDOUS,Rehmat,"[""ORGANIC""]","Store in cool, dry place away from direct sunlight",false,2025-12-09 19:00:14.388,2025-12-09 19:00:14.388
07578657-07ea-4e32-b5cd-ded89f2a0523,Chaulmoogra Oil,FIXED_OIL,Cold-pressed or solvent-extracted carrier oil for skincare and formulations.,Hydnocarpus wightianus Oil,COLD_PRESS,,,NON_HAZARDOUS,Rehmat,"[""ORGANIC""]","Store in cool, dry place away from direct sunlight",false,2025-12-09 19:00:14.388,2025-12-09 19:00:14.388
bd2f2630-9abb-4440-83f6-7324df4ac88f,Peanut/Groundnut Oil,FIXED_OIL,Cold-pressed or solvent-extracted carrier oil for skincare and formulations.,Arachis hypogaea Oil,COLD_PRESS,,,NON_HAZARDOUS,Rehmat,"[""ORGANIC""]","Store in cool, dry place away from direct sunlight",false,2025-12-09 19:00:14.388,2025-12-09 19:00:14.388
0c2e8589-9b68-4972-975e-6b0b4db4aeb4,Coconut (Filtered) Oil,FIXED_OIL,Versatile carrier oil with moisturizing and nourishing properties for diverse applications.,Cocos nucifera Oil,COLD_PRESS,,,NON_HAZARDOUS,Rehmat,"[""ORGANIC""]","Store in cool, dry place away from direct sunlight",false,2025-12-09 19:00:14.388,2025-12-09 19:00:14.388
9e0839c4-6e49-41f9-b2ab-8dd7d865b9e9,Pomegranate Seed Oil,FIXED_OIL,Cold-pressed or solvent-extracted carrier oil for skincare and formulations.,Punica granatum Seed Oil,COLD_PRESS,,,NON_HAZARDOUS,Rehmat,"[""ORGANIC""]","Store in cool, dry place away from direct sunlight",false,2025-12-09 19:00:14.388,2025-12-09 19:00:14.388
9befa603-c2f2-418e-b7b4-537f22fe3192,Coconut (Fractionated) Oil,FIXED_OIL,Versatile carrier oil with moisturizing and nourishing properties for diverse applications.,Cocos nucifera Oil,COLD_PRESS,,,NON_HAZARDOUS,Rehmat,"[""ORGANIC""]","Store in cool, dry place away from direct sunlight",false,2025-12-09 19:00:14.388,2025-12-09 19:00:14.388
b2ccd029-05b8-4f44-8fee-c47c9baec48b,Rice Bran Oil,FIXED_OIL,Cold-pressed or solvent-extracted carrier oil for skincare and formulations.,Oryza sativa Bran Oil,COLD_PRESS,,,NON_HAZARDOUS,Rehmat,"[""ORGANIC""]","Store in cool, dry place away from direct sunlight",false,2025-12-09 19:00:14.388,2025-12-09 19:00:14.388
125dd1ec-22ff-41be-aaad-1d81d56af1ce,Coconut (Refined) Oil,FIXED_OIL,Versatile carrier oil with moisturizing and nourishing properties for diverse applications.,Cocos nucifera Oil,COLD_PRESS,,,NON_HAZARDOUS,Rehmat,"[""ORGANIC""]","Store in cool, dry place away from direct sunlight",false,2025-12-09 19:00:14.388,2025-12-09 19:00:14.388
08ba7adc-91f5-4967-be15-6e3ad1f6641b,Seabuckthorn Oil,FIXED_OIL,Cold-pressed or solvent-extracted carrier oil for skincare and formulations.,Hippophae rhamnoides Oil,COLD_PRESS,,,NON_HAZARDOUS,Rehmat,"[""ORGANIC""]","Store in cool, dry place away from direct sunlight",false,2025-12-09 19:00:14.388,2025-12-09 19:00:14.388
d3b3eb41-8895-4468-8f66-354fde355e61,Coconut (Virgin) Oil,FIXED_OIL,Versatile carrier oil with moisturizing and nourishing properties for diverse applications.,Cocos nucifera Oil,COLD_PRESS,,,NON_HAZARDOUS,Rehmat,"[""ORGANIC""]","Store in cool, dry place away from direct sunlight",false,2025-12-09 19:00:14.388,2025-12-09 19:00:14.388
3cf98d61-42e4-4fa6-8767-8aac16e579cf,Sesame Oil,FIXED_OIL,Cold-pressed or solvent-extracted carrier oil for skincare and formulations.,Sesamum indicum Oil,COLD_PRESS,,,NON_HAZARDOUS,Rehmat,"[""ORGANIC""]","Store in cool, dry place away from direct sunlight",false,2025-12-09 19:00:14.388,2025-12-09 19:00:14.388
80394a70-3819-497b-ab73-5009a6ecdf90,Ginseng Extract,EXTRACT,High-potency plant extract known for energizing and revitalizing skincare benefits.,Panax Ginseng Extract,SOLVENT_EXTRACTION,,,NON_HAZARDOUS,Rehmat,"[""ISO_9001""]","Store in cool, dry place away from direct sunlight",false,2025-12-09 19:00:14.388,2025-12-09 19:00:14.388
e7466ee7-3259-4d7d-ae61-e030ee663ff4,Neem Extract,EXTRACT,Traditional extract with potent purifying and clarifying properties.,Azadirachta Indica Extract,SOLVENT_EXTRACTION,,,NON_HAZARDOUS,Rehmat,"[""ISO_9001""]","Store in cool, dry place away from direct sunlight",false,2025-12-09 19:00:14.388,2025-12-09 19:00:14.388
ceba6c09-28ca-4efe-bacb-bd0ed5e866ad,Aloe vera Extract,EXTRACT,Soothing botanical extract with hydrating and healing properties.,Aloe Barbadensis Extract,SOLVENT_EXTRACTION,,,NON_HAZARDOUS,Rehmat,"[""ISO_9001""]","Store in cool, dry place away from direct sunlight",false,2025-12-09 19:00:14.388,2025-12-09 19:00:14.388
7c0d6f9e-58e8-4b5c-b8be-38706a18fb01,Gokhru Extract,EXTRACT,High-potency botanical extract with concentrated active compounds.,Tribulus Terrestris Extract,SOLVENT_EXTRACTION,,,NON_HAZARDOUS,Rehmat,"[""ISO_9001""]","Store in cool, dry place away from direct sunlight",false,2025-12-09 19:00:14.388,2025-12-09 19:00:14.388
e234dc2d-1ab8-4de6-a5e4-b6c5785b651c,Nettle leaf Extract,EXTRACT,High-potency botanical extract with concentrated active compounds.,Urtica Dioica L. Extract,SOLVENT_EXTRACTION,,,NON_HAZARDOUS,Rehmat,"[""ISO_9001""]","Store in cool, dry place away from direct sunlight",false,2025-12-09 19:00:14.388,2025-12-09 19:00:14.388
a2f3feb5-7ef8-47cb-9d3e-e422c912e43f,Amla Extract,EXTRACT,High-potency botanical extract with concentrated active compounds.,Phyllanthus Emblica Extract,SOLVENT_EXTRACTION,,,NON_HAZARDOUS,Rehmat,"[""ISO_9001""]","Store in cool, dry place away from direct sunlight",false,2025-12-09 19:00:14.388,2025-12-09 19:00:14.388
7be09fa3-aaa3-417b-a56d-70ad9818bcac,Gotu Kola Extract,EXTRACT,Botanical extract with powerful skin-repairing and healing properties.,Centella Asiatica Extract,SOLVENT_EXTRACTION,,,NON_HAZARDOUS,Rehmat,"[""ISO_9001""]","Store in cool, dry place away from direct sunlight",false,2025-12-09 19:00:14.388,2025-12-09 19:00:14.388
5a56dba5-200d-4f63-9c72-d723cf862050,Nirgundi Extract,EXTRACT,High-potency botanical extract with concentrated active compounds.,Vitex Negundo Extract,SOLVENT_EXTRACTION,,,NON_HAZARDOUS,Rehmat,"[""ISO_9001""]","Store in cool, dry place away from direct sunlight",false,2025-12-09 19:00:14.388,2025-12-09 19:00:14.388
c6cad4c0-1520-4322-b767-c953d547e622,Arjun Extract,EXTRACT,High-potency botanical extract with concentrated active compounds.,Terminalia Arjuna Extract,SOLVENT_EXTRACTION,,,NON_HAZARDOUS,Rehmat,"[""ISO_9001""]","Store in cool, dry place away from direct sunlight",false,2025-12-09 19:00:14.388,2025-12-09 19:00:14.388
72971c66-534a-4119-b16c-bcbecc9ee49c,Hadjod Extract,EXTRACT,High-potency botanical extract with concentrated active compounds.,Cissus Quadrangularis Extract,SOLVENT_EXTRACTION,,,NON_HAZARDOUS,Rehmat,"[""ISO_9001""]","Store in cool, dry place away from direct sunlight",false,2025-12-09 19:00:14.388,2025-12-09 19:00:14.388
21cf3596-ef30-4687-bfb1-d52c61262033,Papaya Leaf Extract,EXTRACT,High-potency botanical extract with concentrated active compounds.,Carica Papaya Extract,SOLVENT_EXTRACTION,,,NON_HAZARDOUS,Rehmat,"[""ISO_9001""]","Store in cool, dry place away from direct sunlight",false,2025-12-09 19:00:14.388,2025-12-09 19:00:14.388
96dba33e-b99d-4fcb-993f-b6c12bcf5652,Arnica Extract,EXTRACT,High-potency botanical extract with concentrated active compounds.,Arnica Montana L Extract,SOLVENT_EXTRACTION,,,NON_HAZARDOUS,Rehmat,"[""ISO_9001""]","Store in cool, dry place away from direct sunlight",false,2025-12-09 19:00:14.388,2025-12-09 19:00:14.388
33c6bac3-a8d9-418f-a80c-1f56a371f698,Heena Extract,EXTRACT,High-potency botanical extract with concentrated active compounds.,Lawsonia Inermis Extract,SOLVENT_EXTRACTION,,,NON_HAZARDOUS,Rehmat,"[""ISO_9001""]","Store in cool, dry place away from direct sunlight",false,2025-12-09 19:00:14.388,2025-12-09 19:00:14.388
e0421dd4-0725-4625-8b40-2a6362154c68,Reetha Extract,EXTRACT,High-potency botanical extract with concentrated active compounds.,Sapindus Mukorossi Extract,SOLVENT_EXTRACTION,,,NON_HAZARDOUS,Rehmat,"[""ISO_9001""]","Store in cool, dry place away from direct sunlight",false,2025-12-09 19:00:14.388,2025-12-09 19:00:14.388
3f96ae5c-17e9-4b35-9484-0e5b5a6ed9ac,Ashok bark Extract,EXTRACT,High-potency botanical extract with concentrated active compounds.,Saraca Asoca Extract,SOLVENT_EXTRACTION,,,NON_HAZARDOUS,Rehmat,"[""ISO_9001""]","Store in cool, dry place away from direct sunlight",false,2025-12-09 19:00:14.388,2025-12-09 19:00:14.388
e3c23299-0f86-4e30-b05a-61fa48d7ca33,Indigo Leaf Extract,EXTRACT,High-potency botanical extract with concentrated active compounds.,Indigofera Tinctoria Extract,SOLVENT_EXTRACTION,,,NON_HAZARDOUS,Rehmat,"[""ISO_9001""]","Store in cool, dry place away from direct sunlight",false,2025-12-09 19:00:14.388,2025-12-09 19:00:14.388
c3dedfb0-98b2-4d74-9107-17d716246807,Reishi Extract,EXTRACT,High-potency botanical extract with concentrated active compounds.,Ganoderma Lucidum Extract,SOLVENT_EXTRACTION,,,NON_HAZARDOUS,Rehmat,"[""ISO_9001""]","Store in cool, dry place away from direct sunlight",false,2025-12-09 19:00:14.388,2025-12-09 19:00:14.388
2cd2b524-697e-4c8c-8fe7-d2b1d43603ea,Ashwagandha Extract,EXTRACT,Adaptogenic extract for stress-relief and skin rejuvenation.,Withania Somnifera Extract,SOLVENT_EXTRACTION,,,NON_HAZARDOUS,Rehmat,"[""ISO_9001""]","Store in cool, dry place away from direct sunlight",false,2025-12-09 19:00:14.388,2025-12-09 19:00:14.388
cdcb3dc2-c21b-4376-a89b-0c43f0c2ffe6,Kalmegh Extract,EXTRACT,High-potency botanical extract with concentrated active compounds.,Andrographis Paniculata Extract,SOLVENT_EXTRACTION,,,NON_HAZARDOUS,Rehmat,"[""ISO_9001""]","Store in cool, dry place away from direct sunlight",false,2025-12-09 19:00:14.388,2025-12-09 19:00:14.388
94c14125-9f7e-4573-af7e-c4eacf681ec7,Saw Palmetto Extract,EXTRACT,High-potency botanical extract with concentrated active compounds.,Serenoa Repens Extract,SOLVENT_EXTRACTION,,,NON_HAZARDOUS,Rehmat,"[""ISO_9001""]","Store in cool, dry place away from direct sunlight",false,2025-12-09 19:00:14.388,2025-12-09 19:00:14.388
cd7c922d-ce2c-47df-9f8b-04060bc24336,Babool Extract,EXTRACT,High-potency botanical extract with concentrated active compounds.,Vachellia Nilotica Extract,SOLVENT_EXTRACTION,,,NON_HAZARDOUS,Rehmat,"[""ISO_9001""]","Store in cool, dry place away from direct sunlight",false,2025-12-09 19:00:14.388,2025-12-09 19:00:14.388
36403d56-8ec0-4e22-83c2-a4fa83e3e7fd,Kaunch Extract,EXTRACT,High-potency botanical extract with concentrated active compounds.,Mucuna Pruriens Extract,SOLVENT_EXTRACTION,,,NON_HAZARDOUS,Rehmat,"[""ISO_9001""]","Store in cool, dry place away from direct sunlight",false,2025-12-09 19:00:14.388,2025-12-09 19:00:14.388
cfcc8549-a774-4ff2-a8cc-ba9bd302d1a2,Shallaki Guggal Extract,EXTRACT,High-potency botanical extract with concentrated active compounds.,Boswellia Serrata Extract,SOLVENT_EXTRACTION,,,NON_HAZARDOUS,Rehmat,"[""ISO_9001""]","Store in cool, dry place away from direct sunlight",false,2025-12-09 19:00:14.388,2025-12-09 19:00:14.388
2eefda29-61d6-4786-8625-8b5a99ba76fc,Bamboo Extract,EXTRACT,High-potency botanical extract with concentrated active compounds.,Bambusa Vulgaris Extract,SOLVENT_EXTRACTION,,,NON_HAZARDOUS,Rehmat,"[""ISO_9001""]","Store in cool, dry place away from direct sunlight",false,2025-12-09 19:00:14.388,2025-12-09 19:00:14.388
f34eaa4e-e4ed-4f2a-b998-4aa933f6084f,Kokum Extract,EXTRACT,High-potency botanical extract with concentrated active compounds.,Garcinia Indica Extract,SOLVENT_EXTRACTION,,,NON_HAZARDOUS,Rehmat,"[""ISO_9001""]","Store in cool, dry place away from direct sunlight",false,2025-12-09 19:00:14.388,2025-12-09 19:00:14.388
9ec1674c-22f5-4910-8f66-633553cedbf6,Shatavari Extract,EXTRACT,High-potency botanical extract with concentrated active compounds.,Asparagus Racemosus Extract,SOLVENT_EXTRACTION,,,NON_HAZARDOUS,Rehmat,"[""ISO_9001""]","Store in cool, dry place away from direct sunlight",false,2025-12-09 19:00:14.388,2025-12-09 19:00:14.388
d7fc9919-777d-4c10-a263-e23edf164beb,Bhringraj Extract,EXTRACT,Traditional Ayurvedic extract for hair growth and scalp health.,Eclipta Alba Extract,SOLVENT_EXTRACTION,,,NON_HAZARDOUS,Rehmat,"[""ISO_9001""]","Store in cool, dry place away from direct sunlight",false,2025-12-09 19:00:14.388,2025-12-09 19:00:14.388
1dec12f6-3067-4eab-85ae-24c3efe33332,Maidenhair Tree Extract,EXTRACT,High-potency botanical extract with concentrated active compounds.,Ginkgo Biloba Extract,SOLVENT_EXTRACTION,,,NON_HAZARDOUS,Rehmat,"[""ISO_9001""]","Store in cool, dry place away from direct sunlight",false,2025-12-09 19:00:14.388,2025-12-09 19:00:14.388
47a856b0-a040-4da9-8ba2-182bdf979854,Shikakai Extract,EXTRACT,High-potency botanical extract with concentrated active compounds.,Acacia Concinna Extract,SOLVENT_EXTRACTION,,,NON_HAZARDOUS,Rehmat,"[""ISO_9001""]","Store in cool, dry place away from direct sunlight",false,2025-12-09 19:00:14.388,2025-12-09 19:00:14.388
14bf89d9-5720-4f14-8e7d-a82ab2beaf13,Bhui Amla Extract,EXTRACT,High-potency botanical extract with concentrated active compounds.,Phyllanthus Niruri Extract,SOLVENT_EXTRACTION,,,NON_HAZARDOUS,Rehmat,"[""ISO_9001""]","Store in cool, dry place away from direct sunlight",false,2025-12-09 19:00:14.388,2025-12-09 19:00:14.388
4ed95199-828d-4588-a5e1-d7585a10f5ed,Makoy Extract,EXTRACT,High-potency botanical extract with concentrated active compounds.,Solanum Nigrum Extract,SOLVENT_EXTRACTION,,,NON_HAZARDOUS,Rehmat,"[""ISO_9001""]","Store in cool, dry place away from direct sunlight",false,2025-12-09 19:00:14.388,2025-12-09 19:00:14.388
87a66969-b224-46c9-bd26-e3aaf64c0be8,Spirulina Extract,EXTRACT,High-potency botanical extract with concentrated active compounds.,Arthrospira Platensis Extract,SOLVENT_EXTRACTION,,,NON_HAZARDOUS,Rehmat,"[""ISO_9001""]","Store in cool, dry place away from direct sunlight",false,2025-12-09 19:00:14.388,2025-12-09 19:00:14.388
ed477179-1518-4002-8946-b33abc6540cd,Brahmi Extract,EXTRACT,Traditional Ayurvedic extract for hair growth and scalp health.,Bacopa Monnieri Extract,SOLVENT_EXTRACTION,,,NON_HAZARDOUS,Rehmat,"[""ISO_9001""]","Store in cool, dry place away from direct sunlight",false,2025-12-09 19:00:14.388,2025-12-09 19:00:14.388
68dba8e3-fb0c-435f-8b96-d5374f3305ec,Manjistha Extract,EXTRACT,High-potency botanical extract with concentrated active compounds.,Rubia Cordifolia Extract,SOLVENT_EXTRACTION,,,NON_HAZARDOUS,Rehmat,"[""ISO_9001""]","Store in cool, dry place away from direct sunlight",false,2025-12-09 19:00:14.388,2025-12-09 19:00:14.388
6c16292d-ec8e-431d-9b02-fa5febe1d85c,Stevia Extract,EXTRACT,High-potency botanical extract with concentrated active compounds.,Stevia Rebaudiana Extract,SOLVENT_EXTRACTION,,,NON_HAZARDOUS,Rehmat,"[""ISO_9001""]","Store in cool, dry place away from direct sunlight",false,2025-12-09 19:00:14.388,2025-12-09 19:00:14.388
b68d10fe-9a0e-458c-b9a2-3770f47fbd7b,Daru Haldi Extract,EXTRACT,High-potency botanical extract with concentrated active compounds.,Berberis Aristata Extract,SOLVENT_EXTRACTION,,,NON_HAZARDOUS,Rehmat,"[""ISO_9001""]","Store in cool, dry place away from direct sunlight",false,2025-12-09 19:00:14.388,2025-12-09 19:00:14.388
d7d25afc-2e96-4e59-b879-fa5be96002dc,Moringa Extract,EXTRACT,High-potency botanical extract with concentrated active compounds.,Moringa Oleifera Extract,SOLVENT_EXTRACTION,,,NON_HAZARDOUS,Rehmat,"[""ISO_9001""]","Store in cool, dry place away from direct sunlight",false,2025-12-09 19:00:14.388,2025-12-09 19:00:14.388
972924ed-f0b5-45b7-b4aa-06f3593938ee,Tulsi Extract,EXTRACT,High-potency botanical extract with concentrated active compounds.,Ocimum Sanctum Extract,SOLVENT_EXTRACTION,,,NON_HAZARDOUS,Rehmat,"[""ISO_9001""]","Store in cool, dry place away from direct sunlight",false,2025-12-09 19:00:14.388,2025-12-09 19:00:14.388
f6a6da1a-a2f4-4697-8dde-d0322959cf5f,Geranium Extract,EXTRACT,High-potency botanical extract with concentrated active compounds.,Pelargonium Extract,SOLVENT_EXTRACTION,,,NON_HAZARDOUS,Rehmat,"[""ISO_9001""]","Store in cool, dry place away from direct sunlight",false,2025-12-09 19:00:14.388,2025-12-09 19:00:14.388
7517bc2c-0bcf-4038-bf00-633d8a20d885,Mulethi Extract,EXTRACT,High-potency botanical extract with concentrated active compounds.,Licorice Extract,SOLVENT_EXTRACTION,,,NON_HAZARDOUS,Rehmat,"[""ISO_9001""]","Store in cool, dry place away from direct sunlight",false,2025-12-09 19:00:14.388,2025-12-09 19:00:14.388
b89e71b4-295a-4c1d-af87-476ff844f8f9,Willow Bark Extract,EXTRACT,High-potency botanical extract with concentrated active compounds.,Salix Nigra Extract,SOLVENT_EXTRACTION,,,NON_HAZARDOUS,Rehmat,"[""ISO_9001""]","Store in cool, dry place away from direct sunlight",false,2025-12-09 19:00:14.388,2025-12-09 19:00:14.388
ce884f3e-24d7-469f-836c-b7d337b8d1c3,Giloy Extract,EXTRACT,High-potency botanical extract with concentrated active compounds.,Tinospora Cordifolia Extract,SOLVENT_EXTRACTION,,,NON_HAZARDOUS,Rehmat,"[""ISO_9001""]","Store in cool, dry place away from direct sunlight",false,2025-12-09 19:00:14.388,2025-12-09 19:00:14.388
ab77b9c1-cb62-435e-a985-47e2b225a359,Nagarmotha Extract,EXTRACT,High-potency botanical extract with concentrated active compounds.,Cyperus Scariosus Extract,SOLVENT_EXTRACTION,,,NON_HAZARDOUS,Rehmat,"[""ISO_9001""]","Store in cool, dry place away from direct sunlight",false,2025-12-09 19:00:14.388,2025-12-09 19:00:14.388
31c19784-fd31-4c6c-9d67-0c7d49370599,Witch Hazel Extract,EXTRACT,High-potency botanical extract with concentrated active compounds.,Hamamelis Extract,SOLVENT_EXTRACTION,,,NON_HAZARDOUS,Rehmat,"[""ISO_9001""]","Store in cool, dry place away from direct sunlight",false,2025-12-09 19:00:14.388,2025-12-09 19:00:14.388
bc2c658c-2cf3-461d-ba50-cfa8d2ba57f1,Acai Berry Extract,EXTRACT,High-potency botanical extract with concentrated active compounds.,Acai Berry Extract,SOLVENT_EXTRACTION,,,NON_HAZARDOUS,Rehmat,"[""ISO_9001""]","Store in cool, dry place away from direct sunlight",false,2025-12-09 19:00:14.388,2025-12-09 19:00:14.388
59542e9f-7715-44e8-97fd-509cfab02987,Lilly Extract,EXTRACT,High-potency botanical extract with concentrated active compounds.,Lilly Extract,SOLVENT_EXTRACTION,,,NON_HAZARDOUS,Rehmat,"[""ISO_9001""]","Store in cool, dry place away from direct sunlight",false,2025-12-09 19:00:14.388,2025-12-09 19:00:14.388
5b2a25c7-c519-456a-8c76-409fc4b23dea,Apple Extract,EXTRACT,High-potency botanical extract with concentrated active compounds.,Apple Extract,SOLVENT_EXTRACTION,,,NON_HAZARDOUS,Rehmat,"[""ISO_9001""]","Store in cool, dry place away from direct sunlight",false,2025-12-09 19:00:14.388,2025-12-09 19:00:14.388
1c952c06-b61f-44d6-9d15-5273161ee03a,Lotus Extract,EXTRACT,High-potency botanical extract with concentrated active compounds.,Lotus Extract,SOLVENT_EXTRACTION,,,NON_HAZARDOUS,Rehmat,"[""ISO_9001""]","Store in cool, dry place away from direct sunlight",false,2025-12-09 19:00:14.388,2025-12-09 19:00:14.388
0b4f2477-bb5b-411c-bd9f-d8d1e6d11033,Apricot Extract,EXTRACT,High-potency botanical extract with concentrated active compounds.,Apricot Extract,SOLVENT_EXTRACTION,,,NON_HAZARDOUS,Rehmat,"[""ISO_9001""]","Store in cool, dry place away from direct sunlight",false,2025-12-09 19:00:14.388,2025-12-09 19:00:14.388
4ae1b4c5-1a4f-4230-82df-25dd83b70e0e,Mandarin Extract,EXTRACT,High-potency botanical extract with concentrated active compounds.,Mandarin Extract,SOLVENT_EXTRACTION,,,NON_HAZARDOUS,Rehmat,"[""ISO_9001""]","Store in cool, dry place away from direct sunlight",false,2025-12-09 19:00:14.388,2025-12-09 19:00:14.388
90d9f794-2f6c-47f2-8219-0ced4656d52d,Avocado Extract,EXTRACT,High-potency botanical extract with concentrated active compounds.,Avocado Extract,SOLVENT_EXTRACTION,,,NON_HAZARDOUS,Rehmat,"[""ISO_9001""]","Store in cool, dry place away from direct sunlight",false,2025-12-09 19:00:14.388,2025-12-09 19:00:14.388
e5f39333-7734-448c-9ebd-5816e3654bb6,Mango Extract,EXTRACT,High-potency botanical extract with concentrated active compounds.,Mango Extract,SOLVENT_EXTRACTION,,,NON_HAZARDOUS,Rehmat,"[""ISO_9001""]","Store in cool, dry place away from direct sunlight",false,2025-12-09 19:00:14.388,2025-12-09 19:00:14.388
2d99c28f-da32-4544-b164-f3e6d9a86022,Banana Extract,EXTRACT,High-potency botanical extract with concentrated active compounds.,Banana Extract,SOLVENT_EXTRACTION,,,NON_HAZARDOUS,Rehmat,"[""ISO_9001""]","Store in cool, dry place away from direct sunlight",false,2025-12-09 19:00:14.388,2025-12-09 19:00:14.388
55e7be72-e0ba-4be3-91cf-79aa60c82942,Marigold Extract,EXTRACT,High-potency botanical extract with concentrated active compounds.,Marigold Extract,SOLVENT_EXTRACTION,,,NON_HAZARDOUS,Rehmat,"[""ISO_9001""]","Store in cool, dry place away from direct sunlight",false,2025-12-09 19:00:14.388,2025-12-09 19:00:14.388
95a8ac55-f4af-4199-9b3f-5a388f9e577f,Beet Root Extract,EXTRACT,High-potency botanical extract with concentrated active compounds.,Beet Root Extract,SOLVENT_EXTRACTION,,,NON_HAZARDOUS,Rehmat,"[""ISO_9001""]","Store in cool, dry place away from direct sunlight",false,2025-12-09 19:00:14.388,2025-12-09 19:00:14.388
ec2d3568-614c-4777-94b5-08c88f52f969,Mulberry Extract,EXTRACT,High-potency botanical extract with concentrated active compounds.,Mulberry Extract,SOLVENT_EXTRACTION,,,NON_HAZARDOUS,Rehmat,"[""ISO_9001""]","Store in cool, dry place away from direct sunlight",false,2025-12-09 19:00:14.388,2025-12-09 19:00:14.388
fff66742-f42b-461f-a7be-c8af8e30db3f,Blackberry Extract,EXTRACT,High-potency botanical extract with concentrated active compounds.,Blackberry Extract,SOLVENT_EXTRACTION,,,NON_HAZARDOUS,Rehmat,"[""ISO_9001""]","Store in cool, dry place away from direct sunlight",false,2025-12-09 19:00:14.388,2025-12-09 19:00:14.388
a1b07221-d9ab-480d-8deb-a395aef1f500,Oak Extract,EXTRACT,High-potency botanical extract with concentrated active compounds.,Oak Extract,SOLVENT_EXTRACTION,,,NON_HAZARDOUS,Rehmat,"[""ISO_9001""]","Store in cool, dry place away from direct sunlight",false,2025-12-09 19:00:14.388,2025-12-09 19:00:14.388
d792f0b2-4e0d-4a14-abbb-ffddf3a5ef11,Carrot Extract,EXTRACT,High-potency botanical extract with concentrated active compounds.,Carrot Extract,SOLVENT_EXTRACTION,,,NON_HAZARDOUS,Rehmat,"[""ISO_9001""]","Store in cool, dry place away from direct sunlight",false,2025-12-09 19:00:14.388,2025-12-09 19:00:14.388
a65bcaab-da46-425b-b110-8250ac7ccf39,Orange Extract,EXTRACT,High-potency botanical extract with concentrated active compounds.,Orange Extract,SOLVENT_EXTRACTION,,,NON_HAZARDOUS,Rehmat,"[""ISO_9001""]","Store in cool, dry place away from direct sunlight",false,2025-12-09 19:00:14.388,2025-12-09 19:00:14.388
17540506-52e0-4522-bd3e-0dbd4c72dbf7,Chamomile Extract,EXTRACT,High-potency botanical extract with concentrated active compounds.,Chamomile Extract,SOLVENT_EXTRACTION,,,NON_HAZARDOUS,Rehmat,"[""ISO_9001""]","Store in cool, dry place away from direct sunlight",false,2025-12-09 19:00:14.388,2025-12-09 19:00:14.388
3ae87b29-1453-4cab-9e17-ab40125102fb,Peach Extract,EXTRACT,High-potency botanical extract with concentrated active compounds.,Peach Extract,SOLVENT_EXTRACTION,,,NON_HAZARDOUS,Rehmat,"[""ISO_9001""]","Store in cool, dry place away from direct sunlight",false,2025-12-09 19:00:14.388,2025-12-09 19:00:14.388
5da1a486-a441-43ed-a8ef-62bbd5e2c470,Chasteberry Extract,EXTRACT,High-potency botanical extract with concentrated active compounds.,Chasteberry Extract,SOLVENT_EXTRACTION,,,NON_HAZARDOUS,Rehmat,"[""ISO_9001""]","Store in cool, dry place away from direct sunlight",false,2025-12-09 19:00:14.388,2025-12-09 19:00:14.388
f64c1eaf-5ad4-46fe-905d-b54919ea33cb,Pear Extract,EXTRACT,High-potency botanical extract with concentrated active compounds.,Pear Extract,SOLVENT_EXTRACTION,,,NON_HAZARDOUS,Rehmat,"[""ISO_9001""]","Store in cool, dry place away from direct sunlight",false,2025-12-09 19:00:14.388,2025-12-09 19:00:14.388
9634b802-b4cf-407c-9fa7-49cf4fa07c8e,Cherry Extract,EXTRACT,High-potency botanical extract with concentrated active compounds.,Cherry Extract,SOLVENT_EXTRACTION,,,NON_HAZARDOUS,Rehmat,"[""ISO_9001""]","Store in cool, dry place away from direct sunlight",false,2025-12-09 19:00:14.388,2025-12-09 19:00:14.388
bb4ac534-77fe-435a-9483-9e1dbf0b71c1,Pineapple Extract,EXTRACT,High-potency botanical extract with concentrated active compounds.,Pineapple Extract,SOLVENT_EXTRACTION,,,NON_HAZARDOUS,Rehmat,"[""ISO_9001""]","Store in cool, dry place away from direct sunlight",false,2025-12-09 19:00:14.388,2025-12-09 19:00:14.388
879ac737-b9bb-40ef-bd59-f8cfedfddf8e,Coconut Extract,EXTRACT,High-potency botanical extract with concentrated active compounds.,Coconut Extract,SOLVENT_EXTRACTION,,,NON_HAZARDOUS,Rehmat,"[""ISO_9001""]","Store in cool, dry place away from direct sunlight",false,2025-12-09 19:00:14.388,2025-12-09 19:00:14.388
fc164f8b-782d-4f5c-ba63-2755c93e3f76,Plum Extract,EXTRACT,High-potency botanical extract with concentrated active compounds.,Plum Extract,SOLVENT_EXTRACTION,,,NON_HAZARDOUS,Rehmat,"[""ISO_9001""]","Store in cool, dry place away from direct sunlight",false,2025-12-09 19:00:14.388,2025-12-09 19:00:14.388
dcb6859a-0fd5-4a21-bed7-2585bcf12185,Cranberry Extract,EXTRACT,High-potency botanical extract with concentrated active compounds.,Cranberry Extract,SOLVENT_EXTRACTION,,,NON_HAZARDOUS,Rehmat,"[""ISO_9001""]","Store in cool, dry place away from direct sunlight",false,2025-12-09 19:00:14.388,2025-12-09 19:00:14.388
22df3b5f-0524-4d04-aeb7-faeb0418d7b7,Pomegranate Extract,EXTRACT,High-potency botanical extract with concentrated active compounds.,Pomegranate Extract,SOLVENT_EXTRACTION,,,NON_HAZARDOUS,Rehmat,"[""ISO_9001""]","Store in cool, dry place away from direct sunlight",false,2025-12-09 19:00:14.388,2025-12-09 19:00:14.388
018854c5-7d6e-4120-834e-0b1c715d9d16,Cucumber Extract,EXTRACT,High-potency botanical extract with concentrated active compounds.,Cucumber Extract,SOLVENT_EXTRACTION,,,NON_HAZARDOUS,Rehmat,"[""ISO_9001""]","Store in cool, dry place away from direct sunlight",false,2025-12-09 19:00:14.388,2025-12-09 19:00:14.388
9305b889-2455-41b5-8bb4-e325c57293d8,Raspberry Extract,EXTRACT,High-potency botanical extract with concentrated active compounds.,Raspberry Extract,SOLVENT_EXTRACTION,,,NON_HAZARDOUS,Rehmat,"[""ISO_9001""]","Store in cool, dry place away from direct sunlight",false,2025-12-09 19:00:14.388,2025-12-09 19:00:14.388
ffb97e54-a620-42e9-87e1-221a037c3728,Dragon Fruit Extract,EXTRACT,High-potency botanical extract with concentrated active compounds.,Dragon Fruit Extract,SOLVENT_EXTRACTION,,,NON_HAZARDOUS,Rehmat,"[""ISO_9001""]","Store in cool, dry place away from direct sunlight",false,2025-12-09 19:00:14.388,2025-12-09 19:00:14.388
1e816d9e-7a8a-48eb-9077-ead3ddc2839e,Rose Extract,EXTRACT,Floral extract with skin-soothing and anti-aging benefits.,Rose Extract,SOLVENT_EXTRACTION,,,NON_HAZARDOUS,Rehmat,"[""ISO_9001""]","Store in cool, dry place away from direct sunlight",false,2025-12-09 19:00:14.388,2025-12-09 19:00:14.388
1e1f87c2-147b-4e18-adca-df2f3c3f4bdc,Grapes Extract,EXTRACT,High-potency botanical extract with concentrated active compounds.,Grapes Extract,SOLVENT_EXTRACTION,,,NON_HAZARDOUS,Rehmat,"[""ISO_9001""]","Store in cool, dry place away from direct sunlight",false,2025-12-09 19:00:14.388,2025-12-09 19:00:14.388
cbcded88-b550-47de-9e9d-f6abb40c9f94,Spinach Extract,EXTRACT,High-potency botanical extract with concentrated active compounds.,Spinach Extract,SOLVENT_EXTRACTION,,,NON_HAZARDOUS,Rehmat,"[""ISO_9001""]","Store in cool, dry place away from direct sunlight",false,2025-12-09 19:00:14.388,2025-12-09 19:00:14.388
3c14e3ae-d536-4650-8366-5d760e45411a,Guava Extract,EXTRACT,High-potency botanical extract with concentrated active compounds.,Guava Extract,SOLVENT_EXTRACTION,,,NON_HAZARDOUS,Rehmat,"[""ISO_9001""]","Store in cool, dry place away from direct sunlight",false,2025-12-09 19:00:14.388,2025-12-09 19:00:14.388
6534ecea-1255-4c6a-a5d6-46efd422cd16,Strawberry Extract,EXTRACT,High-potency botanical extract with concentrated active compounds.,Strawberry Extract,SOLVENT_EXTRACTION,,,NON_HAZARDOUS,Rehmat,"[""ISO_9001""]","Store in cool, dry place away from direct sunlight",false,2025-12-09 19:00:14.388,2025-12-09 19:00:14.388
ce3acb31-655f-4fbb-ba9b-c67f020442ca,Hibiscus Extract,EXTRACT,Floral extract with skin-soothing and anti-aging benefits.,Hibiscus Extract,SOLVENT_EXTRACTION,,,NON_HAZARDOUS,Rehmat,"[""ISO_9001""]","Store in cool, dry place away from direct sunlight",false,2025-12-09 19:00:14.388,2025-12-09 19:00:14.388
7f2103a9-c7b1-4dff-b316-4e50c7657110,Sugarcane Extract,EXTRACT,High-potency botanical extract with concentrated active compounds.,Sugarcane Extract,SOLVENT_EXTRACTION,,,NON_HAZARDOUS,Rehmat,"[""ISO_9001""]","Store in cool, dry place away from direct sunlight",false,2025-12-09 19:00:14.388,2025-12-09 19:00:14.388
2dac4756-7e17-49bb-b05b-cc06cd6d8d34,Lavender Extract,EXTRACT,High-potency botanical extract with concentrated active compounds.,Lavender Extract,SOLVENT_EXTRACTION,,,NON_HAZARDOUS,Rehmat,"[""ISO_9001""]","Store in cool, dry place away from direct sunlight",false,2025-12-09 19:00:14.388,2025-12-09 19:00:14.388
3b819434-76e2-4a27-b7cc-661d0972fe61,Tomato Extract,EXTRACT,High-potency botanical extract with concentrated active compounds.,Tomato Extract,SOLVENT_EXTRACTION,,,NON_HAZARDOUS,Rehmat,"[""ISO_9001""]","Store in cool, dry place away from direct sunlight",false,2025-12-09 19:00:14.388,2025-12-09 19:00:14.388
1a1cb0a8-1128-41ff-b61d-7d7dcf144ce4,Lemon Extract,EXTRACT,High-potency botanical extract with concentrated active compounds.,Lemon Extract,SOLVENT_EXTRACTION,,,NON_HAZARDOUS,Rehmat,"[""ISO_9001""]","Store in cool, dry place away from direct sunlight",false,2025-12-09 19:00:14.388,2025-12-09 19:00:14.388
202c23c9-d232-4942-b883-85777fbeac7b,Watermelon Extract,EXTRACT,High-potency botanical extract with concentrated active compounds.,Watermelon Extract,SOLVENT_EXTRACTION,,,NON_HAZARDOUS,Rehmat,"[""ISO_9001""]","Store in cool, dry place away from direct sunlight",false,2025-12-09 19:00:14.388,2025-12-09 19:00:14.388
5c7ea0e7-3bad-4ed0-b747-7a2c3e11086a,Black Cumin Seed Extract,EXTRACT,High-potency botanical extract with concentrated active compounds.,Black Cumin Seed Extract,SOLVENT_EXTRACTION,,,NON_HAZARDOUS,Rehmat,"[""ISO_9001""]","Store in cool, dry place away from direct sunlight",false,2025-12-09 19:00:14.388,2025-12-09 19:00:14.388
19525727-450a-4599-984f-6af971d7ce3e,Pumpkin Seed Extract,EXTRACT,High-potency botanical extract with concentrated active compounds.,Pumpkin Seed Extract,SOLVENT_EXTRACTION,,,NON_HAZARDOUS,Rehmat,"[""ISO_9001""]","Store in cool, dry place away from direct sunlight",false,2025-12-09 19:00:14.388,2025-12-09 19:00:14.388
a918dec9-fb08-47f4-83b0-4aefa5270c0f,Black Pepper Extract,EXTRACT,High-potency botanical extract with concentrated active compounds.,Black Pepper Extract,SOLVENT_EXTRACTION,,,NON_HAZARDOUS,Rehmat,"[""ISO_9001""]","Store in cool, dry place away from direct sunlight",false,2025-12-09 19:00:14.388,2025-12-09 19:00:14.388
8fc2e9e3-d286-4787-a94f-6ed10df342d5,Rice Extract,EXTRACT,High-potency botanical extract with concentrated active compounds.,Rice Extract,SOLVENT_EXTRACTION,,,NON_HAZARDOUS,Rehmat,"[""ISO_9001""]","Store in cool, dry place away from direct sunlight",false,2025-12-09 19:00:14.388,2025-12-09 19:00:14.388
49d40bee-e409-4dc4-85cb-cec53888f94d,Cardamom Extract,EXTRACT,High-potency botanical extract with concentrated active compounds.,Cardamom Extract,SOLVENT_EXTRACTION,,,NON_HAZARDOUS,Rehmat,"[""ISO_9001""]","Store in cool, dry place away from direct sunlight",false,2025-12-09 19:00:14.388,2025-12-09 19:00:14.388
c3d6eece-734c-464e-bae0-9b9882f86e0d,Rosemary Extract,EXTRACT,Floral extract with skin-soothing and anti-aging benefits.,Rosemary Extract,SOLVENT_EXTRACTION,,,NON_HAZARDOUS,Rehmat,"[""ISO_9001""]","Store in cool, dry place away from direct sunlight",false,2025-12-09 19:00:14.388,2025-12-09 19:00:14.388
1a304081-5749-48e5-bb3a-3ce3526a8262,Carom Seed Extract,EXTRACT,High-potency botanical extract with concentrated active compounds.,Carom Seed Extract,SOLVENT_EXTRACTION,,,NON_HAZARDOUS,Rehmat,"[""ISO_9001""]","Store in cool, dry place away from direct sunlight",false,2025-12-09 19:00:14.388,2025-12-09 19:00:14.388
c585739e-1ff7-4506-84e3-151cd515d69f,Sage Extract,EXTRACT,High-potency botanical extract with concentrated active compounds.,Sage Extract,SOLVENT_EXTRACTION,,,NON_HAZARDOUS,Rehmat,"[""ISO_9001""]","Store in cool, dry place away from direct sunlight",false,2025-12-09 19:00:14.388,2025-12-09 19:00:14.388
933abe5b-86b9-43ec-9931-aa28d620a3c0,Chia Seed Extract,EXTRACT,High-potency botanical extract with concentrated active compounds.,Chia Seed Extract,SOLVENT_EXTRACTION,,,NON_HAZARDOUS,Rehmat,"[""ISO_9001""]","Store in cool, dry place away from direct sunlight",false,2025-12-09 19:00:14.388,2025-12-09 19:00:14.388
afa0f279-8575-45e6-83e9-5b866e2e6ae6,Fennel Seed Extract,EXTRACT,High-potency botanical extract with concentrated active compounds.,Fennel Seed Extract,SOLVENT_EXTRACTION,,,NON_HAZARDOUS,Rehmat,"[""ISO_9001""]","Store in cool, dry place away from direct sunlight",false,2025-12-09 19:00:14.388,2025-12-09 19:00:14.388
f8776b62-9e58-43f7-ade6-716e1d4c773f,Cinnamon Extract,EXTRACT,High-potency botanical extract with concentrated active compounds.,Cinnamon Extract,SOLVENT_EXTRACTION,,,NON_HAZARDOUS,Rehmat,"[""ISO_9001""]","Store in cool, dry place away from direct sunlight",false,2025-12-09 19:00:14.388,2025-12-09 19:00:14.388
302568a9-81fa-4d4f-a119-f198909473d5,Thyme Extract,EXTRACT,High-potency botanical extract with concentrated active compounds.,Thyme Extract,SOLVENT_EXTRACTION,,,NON_HAZARDOUS,Rehmat,"[""ISO_9001""]","Store in cool, dry place away from direct sunlight",false,2025-12-09 19:00:14.388,2025-12-09 19:00:14.388
7f4ebd1f-8016-4b2c-81fc-baa9f31d86eb,Clove Extract,EXTRACT,High-potency botanical extract with concentrated active compounds.,Clove Extract,SOLVENT_EXTRACTION,,,NON_HAZARDOUS,Rehmat,"[""ISO_9001""]","Store in cool, dry place away from direct sunlight",false,2025-12-09 19:00:14.388,2025-12-09 19:00:14.388
9200462f-2e70-46ab-9638-79309a69d3e6,Tamarind Extract,EXTRACT,High-potency botanical extract with concentrated active compounds.,Tamarind Extract,SOLVENT_EXTRACTION,,,NON_HAZARDOUS,Rehmat,"[""ISO_9001""]","Store in cool, dry place away from direct sunlight",false,2025-12-09 19:00:14.388,2025-12-09 19:00:14.388
a4d2ebac-2ffb-4214-a63d-c313a30a0c6e,Coffee bean Extract,EXTRACT,High-potency botanical extract with concentrated active compounds.,Coffee bean Extract,SOLVENT_EXTRACTION,,,NON_HAZARDOUS,Rehmat,"[""ISO_9001""]","Store in cool, dry place away from direct sunlight",false,2025-12-09 19:00:14.388,2025-12-09 19:00:14.388
d78eab3f-7c05-4cab-b946-ece4944e0293,Turmeric Extract,EXTRACT,Golden extract with powerful anti-inflammatory and brightening properties.,Turmeric Extract,SOLVENT_EXTRACTION,,,NON_HAZARDOUS,Rehmat,"[""ISO_9001""]","Store in cool, dry place away from direct sunlight",false,2025-12-09 19:00:14.388,2025-12-09 19:00:14.388
9d04dd38-4f10-411a-bf51-2721a5f210dd,Coriander Extract,EXTRACT,High-potency botanical extract with concentrated active compounds.,Coriander Extract,SOLVENT_EXTRACTION,,,NON_HAZARDOUS,Rehmat,"[""ISO_9001""]","Store in cool, dry place away from direct sunlight",false,2025-12-09 19:00:14.388,2025-12-09 19:00:14.388
5e0df327-5cd0-4ea9-888b-cb81781067bd,Vanilla Extract,EXTRACT,High-potency botanical extract with concentrated active compounds.,Vanilla Extract,SOLVENT_EXTRACTION,,,NON_HAZARDOUS,Rehmat,"[""ISO_9001""]","Store in cool, dry place away from direct sunlight",false,2025-12-09 19:00:14.388,2025-12-09 19:00:14.388
45ecf52b-4d38-4286-b14c-a7d3b0f11c3f,Curry Leaf Extract,EXTRACT,High-potency botanical extract with concentrated active compounds.,Curry Leaf Extract,SOLVENT_EXTRACTION,,,NON_HAZARDOUS,Rehmat,"[""ISO_9001""]","Store in cool, dry place away from direct sunlight",false,2025-12-09 19:00:14.388,2025-12-09 19:00:14.388
57800293-03b0-4077-bce2-4540bb859e2a,Almond Extract,EXTRACT,High-potency botanical extract with concentrated active compounds.,Almond Extract,SOLVENT_EXTRACTION,,,NON_HAZARDOUS,Rehmat,"[""ISO_9001""]","Store in cool, dry place away from direct sunlight",false,2025-12-09 19:00:14.388,2025-12-09 19:00:14.388
62411a81-8a93-4d5c-998d-d2560d01b2ef,Garlic Extract,EXTRACT,High-potency botanical extract with concentrated active compounds.,Garlic Extract,SOLVENT_EXTRACTION,,,NON_HAZARDOUS,Rehmat,"[""ISO_9001""]","Store in cool, dry place away from direct sunlight",false,2025-12-09 19:00:14.388,2025-12-09 19:00:14.388
d6cb3a24-99df-4c19-a204-6ca952fae912,Areca Nut Extract,EXTRACT,High-potency botanical extract with concentrated active compounds.,Areca Nut Extract,SOLVENT_EXTRACTION,,,NON_HAZARDOUS,Rehmat,"[""ISO_9001""]","Store in cool, dry place away from direct sunlight",false,2025-12-09 19:00:14.388,2025-12-09 19:00:14.388
0f3c0a42-dbf0-4424-af6d-df647604b6cc,Ginger Extract,EXTRACT,High-potency botanical extract with concentrated active compounds.,Ginger Extract,SOLVENT_EXTRACTION,,,NON_HAZARDOUS,Rehmat,"[""ISO_9001""]","Store in cool, dry place away from direct sunlight",false,2025-12-09 19:00:14.388,2025-12-09 19:00:14.388
17c8f08b-8f43-4a80-9abf-dc29d6501c2c,Goji Berry Extract,EXTRACT,High-potency botanical extract with concentrated active compounds.,Goji Berry Extract,SOLVENT_EXTRACTION,,,NON_HAZARDOUS,Rehmat,"[""ISO_9001""]","Store in cool, dry place away from direct sunlight",false,2025-12-09 19:00:14.388,2025-12-09 19:00:14.388
9ed6a701-7999-4e7a-9a2f-a6eef5959af0,Green Tea Extract,EXTRACT,Antioxidant-rich extract with protective and rejuvenating properties.,Green Tea Extract,SOLVENT_EXTRACTION,,,NON_HAZARDOUS,Rehmat,"[""ISO_9001""]","Store in cool, dry place away from direct sunlight",false,2025-12-09 19:00:14.388,2025-12-09 19:00:14.388
e257a13c-7a03-40b6-a6bb-3dffc747894c,Cumin Extract,EXTRACT,High-potency botanical extract with concentrated active compounds.,Cumin Extract,SOLVENT_EXTRACTION,,,NON_HAZARDOUS,Rehmat,"[""ISO_9001""]","Store in cool, dry place away from direct sunlight",false,2025-12-09 19:00:14.388,2025-12-09 19:00:14.388
e9c3d647-0ea3-4096-9634-55ee07868b9a,Honey Extract,EXTRACT,High-potency botanical extract with concentrated active compounds.,Honey Extract,SOLVENT_EXTRACTION,,,NON_HAZARDOUS,Rehmat,"[""ISO_9001""]","Store in cool, dry place away from direct sunlight",false,2025-12-09 19:00:14.388,2025-12-09 19:00:14.388
67b855c7-0d48-4f07-a614-e68f2cf1404c,Nutmeg Extract,EXTRACT,High-potency botanical extract with concentrated active compounds.,Nutmeg Extract,SOLVENT_EXTRACTION,,,NON_HAZARDOUS,Rehmat,"[""ISO_9001""]","Store in cool, dry place away from direct sunlight",false,2025-12-09 19:00:14.388,2025-12-09 19:00:14.388
5978ad9e-437c-4802-866d-ea34a2f9f161,Lemon Balm Extract,EXTRACT,High-potency botanical extract with concentrated active compounds.,Lemon Balm Extract,SOLVENT_EXTRACTION,,,NON_HAZARDOUS,Rehmat,"[""ISO_9001""]","Store in cool, dry place away from direct sunlight",false,2025-12-09 19:00:14.388,2025-12-09 19:00:14.388
19048abc-762a-49bb-9048-d52f46f1e0d8,Walnut Extract,EXTRACT,High-potency botanical extract with concentrated active compounds.,Walnut Extract,SOLVENT_EXTRACTION,,,NON_HAZARDOUS,Rehmat,"[""ISO_9001""]","Store in cool, dry place away from direct sunlight",false,2025-12-09 19:00:14.388,2025-12-09 19:00:14.388
48355f6d-c86d-475d-9429-3170b4071ebf,Matcha Tea Extract,EXTRACT,Antioxidant-rich extract with protective and rejuvenating properties.,Matcha Tea Extract,SOLVENT_EXTRACTION,,,NON_HAZARDOUS,Rehmat,"[""ISO_9001""]","Store in cool, dry place away from direct sunlight",false,2025-12-09 19:00:14.388,2025-12-09 19:00:14.388
66a9982a-9077-48c3-b5bc-2a5ab5bd9f7e,Flax Seed Extract,EXTRACT,High-potency botanical extract with concentrated active compounds.,Flax Seed Extract,SOLVENT_EXTRACTION,,,NON_HAZARDOUS,Rehmat,"[""ISO_9001""]","Store in cool, dry place away from direct sunlight",false,2025-12-09 19:00:14.388,2025-12-09 19:00:14.388
6983c4c4-61ac-4a56-aaad-39b9c2339f20,Fenugreek Extract,EXTRACT,High-potency botanical extract with concentrated active compounds.,Fenugreek Extract,SOLVENT_EXTRACTION,,,NON_HAZARDOUS,Rehmat,"[""ISO_9001""]","Store in cool, dry place away from direct sunlight",false,2025-12-09 19:00:14.388,2025-12-09 19:00:14.388
6cda3e81-a100-4e8b-b495-4a4318ee43fb,Mushroom Extract,EXTRACT,High-potency botanical extract with concentrated active compounds.,Mushroom Extract,SOLVENT_EXTRACTION,,,NON_HAZARDOUS,Rehmat,"[""ISO_9001""]","Store in cool, dry place away from direct sunlight",false,2025-12-09 19:00:14.388,2025-12-09 19:00:14.388
35b518db-06df-42d3-9d8d-b5658f548a48,Onion Extract,EXTRACT,High-potency botanical extract with concentrated active compounds.,Onion Extract,SOLVENT_EXTRACTION,,,NON_HAZARDOUS,Rehmat,"[""ISO_9001""]","Store in cool, dry place away from direct sunlight",false,2025-12-09 19:00:14.388,2025-12-09 19:00:14.388
e1fddf6e-19ec-4bbd-9e26-be6d9af0e987,Peppermint Extract,EXTRACT,High-potency botanical extract with concentrated active compounds.,Peppermint Extract,SOLVENT_EXTRACTION,,,NON_HAZARDOUS,Rehmat,"[""ISO_9001""]","Store in cool, dry place away from direct sunlight",false,2025-12-09 19:00:14.388,2025-12-09 19:00:14.388
74dd7fa3-8c97-4917-a9ba-357bb4c9240d,Aloevera Hydrosol,HYDROSOL,Aromatic distilled floral water rich in botanical properties and antioxidants.,Aloe barbadensis Floral Water,STEAM_DISTILLATION,,,NON_HAZARDOUS,Rehmat,"[""ORGANIC""]","Store in cool, dry place away from direct sunlight. Refrigerate after opening.",false,2025-12-09 19:00:14.388,2025-12-09 19:00:14.388
006a4261-964f-4cf9-8b39-6050e060dac6,Cucumber Hydrosol,HYDROSOL,Aromatic distilled floral water rich in botanical properties and antioxidants.,Cucumis sativus Floral Water,STEAM_DISTILLATION,,,NON_HAZARDOUS,Rehmat,"[""ORGANIC""]","Store in cool, dry place away from direct sunlight. Refrigerate after opening.",false,2025-12-09 19:00:14.388,2025-12-09 19:00:14.388
d28fabbe-94ac-4b7e-9ed8-98513b05a936,Basil Hydrosol,HYDROSOL,Aromatic distilled floral water rich in botanical properties and antioxidants.,Ocimum basilicum Floral Water,STEAM_DISTILLATION,,,NON_HAZARDOUS,Rehmat,"[""ORGANIC""]","Store in cool, dry place away from direct sunlight. Refrigerate after opening.",false,2025-12-09 19:00:14.388,2025-12-09 19:00:14.388
01dc7695-489a-4da6-8ee2-6ff5b53487ad,Tea Tree Hydrosol,HYDROSOL,Purifying floral water with natural antibacterial properties.,Melaleuca alternifolia Floral Water,STEAM_DISTILLATION,,,NON_HAZARDOUS,Rehmat,"[""ORGANIC""]","Store in cool, dry place away from direct sunlight. Refrigerate after opening.",false,2025-12-09 19:00:14.388,2025-12-09 19:00:14.388
4ca7543d-cbed-4265-b1c8-64b1faa557ed,Beetroot Hydrosol,HYDROSOL,Aromatic distilled floral water rich in botanical properties and antioxidants.,Beta vulgaris Floral Water,STEAM_DISTILLATION,,,NON_HAZARDOUS,Rehmat,"[""ORGANIC""]","Store in cool, dry place away from direct sunlight. Refrigerate after opening.",false,2025-12-09 19:00:14.388,2025-12-09 19:00:14.388
77ee27dd-22c0-4ab0-8354-0047d24fe0a3,Lavender Hydrosol,HYDROSOL,Calming floral water with balancing properties for all skin types.,Lavandula angustifolia Floral Water,STEAM_DISTILLATION,,,NON_HAZARDOUS,Rehmat,"[""ORGANIC""]","Store in cool, dry place away from direct sunlight. Refrigerate after opening.",false,2025-12-09 19:00:14.388,2025-12-09 19:00:14.388
a839c05c-efd4-487c-ae18-022ccf9dbfab,Orange Peel Hydrosol,HYDROSOL,Aromatic distilled floral water rich in botanical properties and antioxidants.,Citrus sinensis Floral Water,STEAM_DISTILLATION,,,NON_HAZARDOUS,Rehmat,"[""ORGANIC""]","Store in cool, dry place away from direct sunlight. Refrigerate after opening.",false,2025-12-09 19:00:14.388,2025-12-09 19:00:14.388
0c36dacc-48b5-4282-ae47-a86a368da8a2,Witch Hazel Hydrosol,HYDROSOL,Astringent floral water for toning and pore-refining treatments.,Hamamelis virginiana Floral Water,STEAM_DISTILLATION,,,NON_HAZARDOUS,Rehmat,"[""ORGANIC""]","Store in cool, dry place away from direct sunlight. Refrigerate after opening.",false,2025-12-09 19:00:14.388,2025-12-09 19:00:14.388
f17d596a-d471-4349-bddb-bfab848795f5,Chamomile Hydrosol,HYDROSOL,Soothing floral water perfect for sensitive and reactive skin care.,Chamaemelum nobile Floral Water,STEAM_DISTILLATION,,,NON_HAZARDOUS,Rehmat,"[""ORGANIC""]","Store in cool, dry place away from direct sunlight. Refrigerate after opening.",false,2025-12-09 19:00:14.388,2025-12-09 19:00:14.388
b2cdc6ca-3ca5-4a20-8ad5-0fd2ac3bb1be,Lemon Hydrosol,HYDROSOL,Aromatic distilled floral water rich in botanical properties and antioxidants.,Citrus limon Floral Water,STEAM_DISTILLATION,,,NON_HAZARDOUS,Rehmat,"[""ORGANIC""]","Store in cool, dry place away from direct sunlight. Refrigerate after opening.",false,2025-12-09 19:00:14.388,2025-12-09 19:00:14.388
8e8f839b-5952-4d42-8f4a-c2c01692ff4b,Rose Hydrosol,HYDROSOL,Aromatic rose floral water with hydrating and luxurious skincare benefits.,Rosa damascena Floral Water,STEAM_DISTILLATION,,,NON_HAZARDOUS,Rehmat,"[""ORGANIC""]","Store in cool, dry place away from direct sunlight. Refrigerate after opening.",false,2025-12-09 19:00:14.388,2025-12-09 19:00:14.388
b3df7d58-7a9e-403c-8600-53a402990795,Clove Hydrosol,HYDROSOL,Aromatic distilled floral water rich in botanical properties and antioxidants.,Syzygium aromaticum Floral Water,STEAM_DISTILLATION,,,NON_HAZARDOUS,Rehmat,"[""ORGANIC""]","Store in cool, dry place away from direct sunlight. Refrigerate after opening.",false,2025-12-09 19:00:14.388,2025-12-09 19:00:14.388
ced6dc7d-a3f0-4a8d-b013-6f4e94b7b83e,Lemon Grass Hydrosol,HYDROSOL,Aromatic distilled floral water rich in botanical properties and antioxidants.,Cymbopogon citratus Floral Water,STEAM_DISTILLATION,,,NON_HAZARDOUS,Rehmat,"[""ORGANIC""]","Store in cool, dry place away from direct sunlight. Refrigerate after opening.",false,2025-12-09 19:00:14.388,2025-12-09 19:00:14.388
e2a2ea6d-33b5-46dd-8ee4-c9cb2b9d813f,Rosemary Hydrosol,HYDROSOL,Aromatic rose floral water with hydrating and luxurious skincare benefits.,Rosmarinus officinalis Floral Water,STEAM_DISTILLATION,,,NON_HAZARDOUS,Rehmat,"[""ORGANIC""]","Store in cool, dry place away from direct sunlight. Refrigerate after opening.",false,2025-12-09 19:00:14.388,2025-12-09 19:00:14.388
96d2de93-301d-4ec3-bc48-8242380fae86,Onion Hydrosol,HYDROSOL,Aromatic distilled floral water rich in botanical properties and antioxidants.,Allium cepa Floral Water,STEAM_DISTILLATION,,,NON_HAZARDOUS,Rehmat,"[""ORGANIC""]","Store in cool, dry place away from direct sunlight. Refrigerate after opening.",false,2025-12-09 19:00:14.388,2025-12-09 19:00:14.388
a49fc369-82d0-4589-8a97-cd6b07d158aa,Rice Water Hydrosol,HYDROSOL,Aromatic distilled floral water rich in botanical properties and antioxidants.,Oryza sativa Water,STEAM_DISTILLATION,,,NON_HAZARDOUS,Rehmat,"[""ORGANIC""]","Store in cool, dry place away from direct sunlight. Refrigerate after opening.",false,2025-12-09 19:00:14.388,2025-12-09 19:00:14.388
f36e02ad-f6bc-4c1f-a7b2-c07894303864,Rice Fermented Hydrosol,HYDROSOL,Aromatic distilled floral water rich in botanical properties and antioxidants.,Oryza sativa Fermented Water,STEAM_DISTILLATION,,,NON_HAZARDOUS,Rehmat,"[""ORGANIC""]","Store in cool, dry place away from direct sunlight. Refrigerate after opening.",false,2025-12-09 19:00:14.388,2025-12-09 19:00:14.388
61139367-a919-4cdc-bd9b-606262b2d766,Charcoal Water Hydrosol,HYDROSOL,Aromatic distilled floral water rich in botanical properties and antioxidants.,Charcoal Water,STEAM_DISTILLATION,,,NON_HAZARDOUS,Rehmat,"[""ORGANIC""]","Store in cool, dry place away from direct sunlight. Refrigerate after opening.",false,2025-12-09 19:00:14.388,2025-12-09 19:00:14.388
cb163289-689b-4ad4-9d3d-90429e5f4bca,Turmeric Hydrosol,HYDROSOL,Aromatic distilled floral water rich in botanical properties and antioxidants.,Curcuma longa Floral Water,STEAM_DISTILLATION,,,NON_HAZARDOUS,Rehmat,"[""ORGANIC""]","Store in cool, dry place away from direct sunlight. Refrigerate after opening.",false,2025-12-09 19:00:14.388,2025-12-09 19:00:14.388
a61f58cb-cd87-49b8-8546-f68609d9d832,Flex Seed Hydrosol,HYDROSOL,Aromatic distilled floral water rich in botanical properties and antioxidants.,Linum usitatissimum Floral Water,STEAM_DISTILLATION,,,NON_HAZARDOUS,Rehmat,"[""ORGANIC""]","Store in cool, dry place away from direct sunlight. Refrigerate after opening.",false,2025-12-09 19:00:14.388,2025-12-09 19:00:14.388